Distrito,m^2,Habitaciones,Precios
Eixample,351,3,2300000
Sarrià-Sant Gervasi,298,5,1750000
Eixample,90,2,590000
Eixample,130,2,450000
Horta-Guinardó,110,3,430000
Eixample,161,5,690000
Eixample,110,2,395000
Eixample,106,3,595000
Les Corts,62,2,450000
Ciutat Vella,152,5,665000
Horta-Guinardó,83,3,270000
Eixample,80,2,690000
Eixample,80,2,630000
Sarrià-Sant Gervasi,132,3,790000
Sant Martí,41,1,177000
Les Corts,80,2,375000
Sarrià-Sant Gervasi,170,5,950000
Les Corts,110,3,800000
Sants-Montjuïc,65,3,169000
Ciutat Vella,194,3,840000
Gràcia,79,3,329000
Sant Martí,168,3,1090000
Sant Andreu,64,2,185000
Sant Martí,130,3,695000
Sant Martí,111,3,586000
Sant Martí,83,4,239000
Eixample,120,3,790000
Eixample,181,5,995000
Eixample,94,4,420000
Sant Martí,195,3,640000
Ciutat Vella,108,2,649000
Sarrià-Sant Gervasi,169,4,775000
Sant Martí,93,4,340000
Eixample,140,4,495000
Sant Martí,102,4,345000
Ciutat Vella,174,3,950000
Sants-Montjuïc,239,4,690000
Eixample,153,3,1495000
Ciutat Vella,144,3,650000
Eixample,124,4,530000
Sarrià-Sant Gervasi,115,3,660000
Eixample,131,3,560000
Eixample,100,2,800000
Eixample,115,3,990000
Sarrià-Sant Gervasi,277,5,1900000
Gràcia,104,3,470000
Sant Martí,71,2,370000
Sants-Montjuïc,228,4,650000
Sarrià-Sant Gervasi,160,3,880000
Sarrià-Sant Gervasi,380,5,1750000
Sarrià-Sant Gervasi,585,6,2350000
Eixample,271,7,1800000
Eixample,82,2,380000
Eixample,175,3,1600000
Ciutat Vella,84,2,475000
Eixample,63,1,335000
Eixample,189,4,1175000
Sarrià-Sant Gervasi,150,3,780000
Horta-Guinardó,50,3,135000
Les Corts,130,3,530000
Eixample,223,3,1995000
Eixample,153,3,1495000
Eixample,85,3,339000
Sarrià-Sant Gervasi,160,5,850000
Eixample,120,2,575000
Les Corts,206,4,1250000
Sarrià-Sant Gervasi,232,4,1175000
Sarrià-Sant Gervasi,203,4,1095000
Eixample,59,1,480000
Eixample,167,4,695000
Les Corts,232,5,1660000
Eixample,800,4,1700000
Ciutat Vella,86,2,298000
Sarrià-Sant Gervasi,105,4,425000
Ciutat Vella,145,3,680000
Sarrià-Sant Gervasi,155,5,875000
Eixample,148,3,995000
Eixample,102,4,440000
Sarrià-Sant Gervasi,250,5,1100000
Eixample,101,2,625000
Les Corts,100,3,385000
Ciutat Vella,88,2,710000
Eixample,77,1,260000
Eixample,87,3,399000
Sant Martí,60,1,179000
Sarrià-Sant Gervasi,243,4,650000
Eixample,118,3,445000
Sarrià-Sant Gervasi,311,5,960000
Sarrià-Sant Gervasi,118,3,795000
Eixample,72,3,450000
Ciutat Vella,68,3,233150
Eixample,87,3,365000
Eixample,90,2,690000
Sarrià-Sant Gervasi,380,5,830000
Sarrià-Sant Gervasi,225,4,1100000
Sant Martí,94,3,359000
Sarrià-Sant Gervasi,296,6,1350000
Ciutat Vella,81,1,430000
Horta-Guinardó,161,5,490000
Sarrià-Sant Gervasi,140,3,1050000
Sarrià-Sant Gervasi,134,4,595000
Ciutat Vella,86,1,390000
Les Corts,170,4,668000
Sarrià-Sant Gervasi,197,3,800000
Sarrià-Sant Gervasi,145,4,760000
Les Corts,170,3,490000
Eixample,101,4,309000
Horta-Guinardó,122,4,449000
Eixample,213,2,1500000
Sarrià-Sant Gervasi,105,4,630000
Eixample,318,3,2500000
Eixample,80,3,365000
Sant Martí,90,4,370000
Eixample,109,4,475000
Eixample,110,3,645000
Eixample,97,4,495000
Eixample,101,3,480000
Gràcia,130,3,630000
Gràcia,364,4,1149000
Sarrià-Sant Gervasi,465,5,3370000
Les Corts,88,3,389000
Gràcia,85,4,375000
Eixample,113,3,378000
Eixample,108,3,375000
Sants-Montjuïc,90,4,279500
Les Corts,134,2,670000
Sarrià-Sant Gervasi,217,4,1150000
Les Corts,121,3,1454000
Les Corts,95,3,1082000
Eixample,125,3,690000
Eixample,71,2,348000
Sarrià-Sant Gervasi,90,3,490000
Eixample,90,3,760000
Eixample,148,2,1325000
Eixample,206,5,1095000
Sant Martí,147,4,790000
Eixample,118,3,975000
Eixample,121,3,465000
Gràcia,91,3,499000
Eixample,93,3,405000
Horta-Guinardó,64,2,149000
Eixample,138,3,850000
Sarrià-Sant Gervasi,126,3,735000
Sarrià-Sant Gervasi,130,3,795000
Eixample,132,2,599000
Eixample,135,3,895000
Sarrià-Sant Gervasi,115,3,615000
Sarrià-Sant Gervasi,144,4,630000
Eixample,141,3,825000
Sarrià-Sant Gervasi,128,3,749000
Les Corts,225,4,1350000
Eixample,158,3,599000
Sarrià-Sant Gervasi,102,2,595000
Eixample,173,3,1600000
Eixample,136,4,745000
Eixample,235,6,1220000
Ciutat Vella,76,3,395000
Eixample,122,3,620000
Sants-Montjuïc,78,3,390000
Sant Martí,79,3,150000
Ciutat Vella,108,3,298000
Sarrià-Sant Gervasi,109,3,380000
Sant Martí,73,3,283000
Nou Barris,105,3,240000
Eixample,154,4,590000
Gràcia,65,2,290000
Horta-Guinardó,122,3,450000
Nou Barris,60,2,254900
Eixample,87,4,354000
Sarrià-Sant Gervasi,116,3,845000
Sarrià-Sant Gervasi,240,4,960000
Les Corts,96,4,385000
Horta-Guinardó,88,3,340000
Sant Martí,114,3,465000
Sarrià-Sant Gervasi,152,5,750000
Sant Martí,107,2,698000
Sarrià-Sant Gervasi,148,3,1300000
Eixample,140,3,635000
Nou Barris,42,2,192100
Sarrià-Sant Gervasi,180,4,1095000
Horta-Guinardó,87,3,625000
Sarrià-Sant Gervasi,139,4,1100000
Sarrià-Sant Gervasi,365,4,2150000
Gràcia,80,2,429000
Sant Martí,93,2,455000
Nou Barris,125,3,460000
Eixample,155,5,890000
Ciutat Vella,134,3,790000
Eixample,112,2,550000
Les Corts,95,4,560000
Sant Andreu,75,3,298000
Eixample,52,1,370000
Les Corts,105,2,573000
Les Corts,76,3,339500
Les Corts,101,4,437500
Eixample,146,3,1430000
Eixample,169,3,1650000
Sants-Montjuïc,82,2,379000
Eixample,84,4,320000
Ciutat Vella,74,2,315000
Eixample,75,3,540000
Eixample,136,4,820000
Sarrià-Sant Gervasi,130,4,720000
Sarrià-Sant Gervasi,126,3,790000
Sants-Montjuïc,93,3,405000
Sarrià-Sant Gervasi,311,5,990000
Sant Martí,90,3,330000
Eixample,93,3,415000
Sant Martí,91,4,260000
Sants-Montjuïc,86,4,320000
Sant Martí,81,4,270000
Ciutat Vella,63,2,349000
Sarrià-Sant Gervasi,104,3,660000
Les Corts,605,9,4500000
Les Corts,900,7,10000000
Sarrià-Sant Gervasi,224,2,2750000
Gràcia,134,3,780000
Horta-Guinardó,79,3,199520
Les Corts,340,5,2060000
Sarrià-Sant Gervasi,248,5,1950000
Sarrià-Sant Gervasi,474,6,2350000
Nou Barris,104,3,176000
Eixample,78,3,499000
Gràcia,97,3,339000
Les Corts,185,4,860000
Sarrià-Sant Gervasi,107,4,460000
Gràcia,65,2,245000
Les Corts,101,4,437000
Horta-Guinardó,56,1,169000
Sarrià-Sant Gervasi,70,2,385000
Sant Martí,99,3,430000
Sarrià-Sant Gervasi,125,3,590000
Eixample,77,1,350000
Sarrià-Sant Gervasi,120,3,1200000
Ciutat Vella,117,3,540000
Sarrià-Sant Gervasi,242,5,980000
Sarrià-Sant Gervasi,180,4,860000
Sarrià-Sant Gervasi,151,3,690000
Sarrià-Sant Gervasi,151,2,690000
Eixample,100,2,640000
Eixample,95,3,790000
Ciutat Vella,145,3,560000
Gràcia,108,2,530000
Les Corts,82,2,862000
Les Corts,98,2,595000
Eixample,125,2,890000
Les Corts,67,2,365000
Eixample,118,4,650000
Ciutat Vella,140,4,795000
Eixample,85,4,420000
Sarrià-Sant Gervasi,200,5,1400000
Sants-Montjuïc,88,3,365000
Eixample,139,2,595000
Sants-Montjuïc,59,2,255000
Eixample,46,1,165000
Eixample,71,2,369000
Eixample,136,4,745000
Gràcia,99,3,650000
Eixample,99,3,650000
Eixample,800,4,1700000
Eixample,133,3,750000
Eixample,385,3,1450000
Sant Martí,75,3,230000
Eixample,105,2,565000
Sant Martí,62,1,390000
Sant Martí,84,3,290000
Les Corts,101,4,525000
Les Corts,92,3,375000
Les Corts,88,3,365000
Sant Martí,45,2,209000
Eixample,59,1,199900
Horta-Guinardó,250,4,795000
Eixample,85,3,389000
Sant Andreu,87,4,307000
Horta-Guinardó,76,3,269000
Eixample,179,4,765000
Eixample,149,4,710000
Les Corts,51,1,280000
Sarrià-Sant Gervasi,152,4,695000
Eixample,84,3,359000
Sarrià-Sant Gervasi,92,3,598000
Eixample,75,3,365000
Les Corts,49,1,315000
Eixample,100,2,535000
Gràcia,260,5,1050000
Horta-Guinardó,70,3,239000
Les Corts,400,4,1790000
Ciutat Vella,111,1,1150000
Eixample,149,2,1900000
Sant Martí,90,4,345000
Eixample,76,3,460000
Eixample,140,3,2500000
Sarrià-Sant Gervasi,197,4,1570000
Sants-Montjuïc,100,2,385000
Sarrià-Sant Gervasi,128,3,759000
Sant Andreu,65,3,225000
Ciutat Vella,95,2,370000
Sants-Montjuïc,81,3,230000
Eixample,89,3,475000
Ciutat Vella,33,1,132000
Horta-Guinardó,118,3,395000
Sarrià-Sant Gervasi,131,4,660000
Les Corts,65,2,450000
Sarrià-Sant Gervasi,332,5,1395000
Eixample,86,2,440000
Eixample,100,3,640000
Eixample,123,3,850000
Ciutat Vella,40,1,179000
Eixample,135,3,890000
Eixample,158,3,1495000
Eixample,180,4,795000
Horta-Guinardó,66,1,220000
Sarrià-Sant Gervasi,208,4,1095000
Eixample,227,3,1995000
Eixample,85,1,240000
Les Corts,190,4,860000
Gràcia,60,2,160000
Sants-Montjuïc,60,3,220000
Ciutat Vella,96,2,375000
Sants-Montjuïc,92,3,375000
Eixample,180,4,695000
Les Corts,78,4,255000
Ciutat Vella,64,2,200000
Les Corts,143,4,1010000
Sarrià-Sant Gervasi,207,3,755000
Ciutat Vella,175,5,990000
Sants-Montjuïc,480,4,1450000
Les Corts,72,2,495000
Eixample,265,3,2300000
Sarrià-Sant Gervasi,132,4,780000
Eixample,105,2,699000
Les Corts,60,2,358000
Sants-Montjuïc,72,3,279000
Sarrià-Sant Gervasi,340,5,2650000
Ciutat Vella,102,1,386000
Nou Barris,72,3,179500
Eixample,115,4,560000
Sant Martí,67,3,205000
Sant Martí,73,3,218000
Sant Martí,170,4,453000
Sarrià-Sant Gervasi,177,4,997000
Eixample,200,3,2100000
Les Corts,85,3,320000
Ciutat Vella,150,2,495000
Les Corts,55,3,259000
Ciutat Vella,60,3,160000
Sarrià-Sant Gervasi,155,4,1100000
Eixample,135,3,639000
Eixample,112,4,560000
Horta-Guinardó,69,3,204000
Sarrià-Sant Gervasi,140,2,1500000
Eixample,108,1,550000
Eixample,33,1,230000
Sants-Montjuïc,77,3,245000
Sarrià-Sant Gervasi,335,4,1490000
Sarrià-Sant Gervasi,304,4,675000
Sarrià-Sant Gervasi,185,4,1190000
Gràcia,111,3,430000
Gràcia,222,5,975000
Horta-Guinardó,63,3,199900
Sarrià-Sant Gervasi,118,3,795000
Sants-Montjuïc,89,3,235000
Gràcia,84,2,535000
Eixample,90,3,329000
Eixample,117,3,595000
Eixample,58,2,319000
Sarrià-Sant Gervasi,140,4,685000
Horta-Guinardó,66,3,199900
Sant Andreu,62,3,220000
Nou Barris,91,4,353900
Sants-Montjuïc,74,3,279900
Les Corts,94,3,479000
Sarrià-Sant Gervasi,130,2,349000
Sants-Montjuïc,70,3,215000
Sants-Montjuïc,110,3,360000
Eixample,66,3,270000
Eixample,230,3,1300000
Les Corts,63,2,450000
Eixample,125,3,460000
Eixample,99,3,360000
Les Corts,496,6,3300000
Ciutat Vella,65,3,250000
Sants-Montjuïc,70,3,219000
Eixample,180,3,895000
Sarrià-Sant Gervasi,120,4,760000
Ciutat Vella,94,2,319000
Sarrià-Sant Gervasi,773,11,5700000
Eixample,94,3,448000
Ciutat Vella,144,3,599000
Eixample,121,2,485000
Eixample,150,2,1100000
Eixample,157,2,1100000
Eixample,110,3,598000
Sarrià-Sant Gervasi,138,2,349000
Ciutat Vella,131,3,970000
Eixample,150,4,695000
Sants-Montjuïc,94,3,239000
Eixample,77,1,690000
Eixample,180,3,530000
Sants-Montjuïc,73,2,375000
Sant Andreu,91,4,330000
Eixample,109,4,500000
Eixample,100,3,335000
Eixample,85,3,475000
Sarrià-Sant Gervasi,145,4,850000
Eixample,149,6,575000
Sarrià-Sant Gervasi,102,3,695000
Sarrià-Sant Gervasi,488,7,2600000
Sarrià-Sant Gervasi,310,5,1590000
Sant Martí,134,2,1900000
Sant Martí,130,4,1950000
Les Corts,212,5,1595000
Sarrià-Sant Gervasi,256,3,2300000
Ciutat Vella,222,4,1690000
Sarrià-Sant Gervasi,284,4,1950000
Sarrià-Sant Gervasi,185,4,1190000
Les Corts,80,4,290000
Gràcia,192,2,622000
Gràcia,52,1,315000
Sants-Montjuïc,86,3,299000
Sants-Montjuïc,106,3,299000
Ciutat Vella,100,2,495000
Sants-Montjuïc,93,3,299000
Sants-Montjuïc,57,1,268000
Sants-Montjuïc,78,3,360000
Eixample,110,3,445000
Sarrià-Sant Gervasi,235,4,1336000
Eixample,100,3,435000
Sarrià-Sant Gervasi,99,3,635000
Sarrià-Sant Gervasi,277,5,1900000
Sarrià-Sant Gervasi,185,5,1475000
Sarrià-Sant Gervasi,250,5,1100000
Sarrià-Sant Gervasi,270,5,1045000
Eixample,90,3,680000
Sarrià-Sant Gervasi,80,3,415000
Gràcia,77,4,180000
Sant Martí,79,4,195000
Horta-Guinardó,70,4,198000
Sarrià-Sant Gervasi,124,4,590000
Gràcia,140,3,595000
Sarrià-Sant Gervasi,325,6,1500000
Sant Andreu,79,3,199500
Ciutat Vella,65,2,195000
Sant Martí,65,3,225000
Sant Martí,65,2,247000
Gràcia,93,3,385000
Ciutat Vella,200,3,2500000
Ciutat Vella,45,2,162000
Gràcia,96,3,375000
Les Corts,210,3,1620000
Sarrià-Sant Gervasi,181,4,1095000
Sarrià-Sant Gervasi,182,4,1400000
Les Corts,97,3,398000
Gràcia,125,3,625000
Sant Martí,73,3,218000
Sant Martí,58,3,245000
Sant Andreu,65,2,155000
Ciutat Vella,95,3,375000
Sant Andreu,73,2,270000
Sant Martí,90,3,359000
Sant Martí,71,2,292000
Sant Martí,51,1,269000
Sant Martí,51,1,295000
Sant Martí,64,1,400000
Eixample,135,3,745000
Sant Martí,139,4,990000
Eixample,175,5,699000
Sant Martí,78,3,238000
Sarrià-Sant Gervasi,178,4,995000
Sant Andreu,75,3,298000
Sant Martí,67,3,230000
Sant Martí,91,4,249000
Sarrià-Sant Gervasi,143,4,700000
Eixample,100,4,350000
Sarrià-Sant Gervasi,60,2,350000
Les Corts,70,2,440000
Gràcia,190,3,1080000
Sants-Montjuïc,62,2,244000
Sarrià-Sant Gervasi,350,5,1595000
Eixample,113,4,535000
Ciutat Vella,38,1,139000
Sant Martí,76,3,135000
Sarrià-Sant Gervasi,325,4,1886000
Sarrià-Sant Gervasi,665,5,6250000
Sarrià-Sant Gervasi,331,5,1290000
Ciutat Vella,86,2,470000
Eixample,85,3,485000
Les Corts,371,5,2000000
Ciutat Vella,72,3,415000
Ciutat Vella,85,3,485000
Sarrià-Sant Gervasi,520,8,3900000
Eixample,95,4,485000
Eixample,140,4,795000
Ciutat Vella,318,3,2500000
Gràcia,69,3,240000
Ciutat Vella,56,2,200000
Sant Andreu,65,3,195000
Sants-Montjuïc,110,4,279000
Sants-Montjuïc,70,2,239000
Horta-Guinardó,275,4,450000
Sarrià-Sant Gervasi,196,4,1150000
Eixample,94,4,389000
Les Corts,64,3,260000
Sarrià-Sant Gervasi,105,3,580000
Gràcia,56,2,312000
Les Corts,309,5,2000000
Les Corts,72,2,290000
Nou Barris,77,3,139900
Horta-Guinardó,50,1,230000
Sarrià-Sant Gervasi,149,3,1400000
Nou Barris,65,3,185000
Les Corts,85,3,265000
Eixample,190,4,895000
Ciutat Vella,39,2,159900
Sarrià-Sant Gervasi,86,3,365000
Eixample,60,4,210000
Ciutat Vella,70,2,375000
Ciutat Vella,52,1,200000
Sarrià-Sant Gervasi,183,3,1790000
Sarrià-Sant Gervasi,270,5,1395000
Sarrià-Sant Gervasi,128,4,649000
Sants-Montjuïc,95,3,365000
Sarrià-Sant Gervasi,113,3,750000
Nou Barris,60,3,149500
Eixample,107,4,435000
Ciutat Vella,92,2,380000
Eixample,103,2,399000
Ciutat Vella,50,1,290000
Eixample,72,3,360000
Ciutat Vella,73,3,245000
Sant Martí,75,2,235000
Eixample,146,3,1430000
Sant Martí,170,4,453000
Sant Martí,129,3,470000
Sant Martí,90,4,380000
Sant Martí,50,2,209000
Eixample,230,2,1295000
Eixample,209,5,859000
Sants-Montjuïc,59,3,178000
Sarrià-Sant Gervasi,188,5,880000
Gràcia,90,4,349000
Les Corts,300,5,1950000
Ciutat Vella,161,5,690000
Sarrià-Sant Gervasi,304,6,1670000
Nou Barris,70,4,270000
Sant Martí,100,4,270000
Les Corts,269,5,1550000
Ciutat Vella,49,3,147000
Sarrià-Sant Gervasi,230,4,2050000
Les Corts,185,4,860000
Eixample,153,3,790000
Les Corts,85,3,349000
Sant Andreu,64,3,134900
Sant Andreu,95,3,298000
Sants-Montjuïc,60,3,175000
Sant Martí,100,4,270000
Sants-Montjuïc,110,4,360000
Sarrià-Sant Gervasi,412,6,1850000
Eixample,179,3,1650000
Eixample,76,2,189000
Eixample,100,3,320000
Eixample,85,2,345000
Sarrià-Sant Gervasi,177,4,895000
Nou Barris,55,2,133900
Sant Martí,120,5,375000
Sants-Montjuïc,41,1,199000
Eixample,90,4,550000
Sarrià-Sant Gervasi,491,13,3500000
Sarrià-Sant Gervasi,100,3,650000
Eixample,131,3,619000
Horta-Guinardó,65,3,170000
Sants-Montjuïc,68,3,249000
Ciutat Vella,65,2,330000
Sarrià-Sant Gervasi,87,2,600000
Sant Martí,56,1,220000
Sant Martí,104,2,470000
Sant Martí,91,3,189000
Sarrià-Sant Gervasi,160,5,770000
Sant Martí,55,1,235000
Ciutat Vella,162,5,495000
Les Corts,212,5,1595000
Sant Andreu,57,3,165000
Ciutat Vella,114,3,335000
Sarrià-Sant Gervasi,516,6,3750000
Sant Martí,58,3,180000
Sant Martí,64,1,400000
Sant Martí,65,1,400000
Sant Martí,133,4,990000
Sant Andreu,82,3,229000
Ciutat Vella,112,3,790000
Eixample,135,3,639000
Sarrià-Sant Gervasi,190,3,890000
Sant Martí,76,3,180000
Horta-Guinardó,65,2,169800
Horta-Guinardó,80,2,299000
Les Corts,48,2,199000
Eixample,140,4,599850
Nou Barris,60,3,149500
Eixample,77,4,255000
Ciutat Vella,80,1,250000
Eixample,90,3,499000
Sants-Montjuïc,64,3,220000
Ciutat Vella,58,1,370000
Les Corts,271,3,2980000
Sant Martí,70,3,321500
Sarrià-Sant Gervasi,230,3,1980000
Ciutat Vella,83,2,390000
Sants-Montjuïc,50,2,250000
Horta-Guinardó,158,2,365000
Ciutat Vella,92,2,380000
Sarrià-Sant Gervasi,180,3,885000
Sants-Montjuïc,50,1,243000
Sant Martí,60,2,259999
Eixample,90,2,590000
Sant Martí,81,2,225000
Sarrià-Sant Gervasi,178,4,995000
Les Corts,106,3,495000
Sants-Montjuïc,92,3,269000
Gràcia,85,2,410000
Sarrià-Sant Gervasi,139,4,790000
Horta-Guinardó,81,3,199000
Sarrià-Sant Gervasi,201,4,1590000
Gràcia,93,4,340000
Les Corts,71,3,395000
Sarrià-Sant Gervasi,300,3,1295000
Sant Martí,94,4,515000
Sant Martí,68,3,287000
Sarrià-Sant Gervasi,238,5,1265000
Eixample,336,7,1150000
Sant Martí,86,3,470000
Sant Martí,90,2,390000
Horta-Guinardó,87,3,322000
Gràcia,75,2,365000
Horta-Guinardó,98,3,397000
Eixample,155,4,695000
Eixample,101,2,780000
Eixample,133,4,539000
Sant Martí,156,3,1050000
Eixample,174,4,850000
Sant Andreu,88,3,445000
Sant Martí,200,3,1050000
Sant Martí,75,2,239000
Gràcia,64,2,239000
Sants-Montjuïc,83,3,200000
Sarrià-Sant Gervasi,210,5,1090000
Sarrià-Sant Gervasi,554,5,2975000
Sarrià-Sant Gervasi,600,5,1648000
Sant Martí,67,3,169000
Eixample,133,6,720000
Sarrià-Sant Gervasi,200,5,890000
Sants-Montjuïc,110,3,360000
Ciutat Vella,62,2,195000
Eixample,123,4,595000
Eixample,121,3,595000
Gràcia,125,4,525000
Sarrià-Sant Gervasi,145,4,649000
Sant Martí,176,3,1522500
Eixample,111,3,490000
Eixample,150,5,545000
Eixample,120,2,599000
Sant Martí,83,3,360000
Eixample,84,4,299000
Sants-Montjuïc,159,3,450000
Horta-Guinardó,90,3,435000
Sants-Montjuïc,92,2,319000
Eixample,69,2,279500
Nou Barris,72,3,240000
Gràcia,94,2,285000
Sant Martí,103,3,375000
Eixample,150,1,850000
Eixample,148,4,629000
Sarrià-Sant Gervasi,155,3,665000
Sarrià-Sant Gervasi,116,3,395000
Sarrià-Sant Gervasi,220,5,625000
Sarrià-Sant Gervasi,480,6,1350000
Ciutat Vella,50,1,185000
Les Corts,180,4,990000
Sarrià-Sant Gervasi,305,6,1600000
Les Corts,105,4,420000
Ciutat Vella,80,5,299000
Eixample,231,4,2750000
Ciutat Vella,109,3,685000
Eixample,145,4,760000
Ciutat Vella,89,2,550000
Sants-Montjuïc,295,5,1075000
Eixample,182,5,990000
Sarrià-Sant Gervasi,217,5,1150000
Ciutat Vella,172,4,1145000
Sarrià-Sant Gervasi,220,3,1100000
Les Corts,72,2,290000
Sarrià-Sant Gervasi,150,5,750000
Eixample,197,4,550000
Sarrià-Sant Gervasi,160,5,950000
Eixample,150,7,530000
Eixample,80,3,245000
Ciutat Vella,60,1,339000
Eixample,140,4,750000
Sarrià-Sant Gervasi,83,3,335000
Sarrià-Sant Gervasi,519,6,1350000
Sants-Montjuïc,84,3,245000
Ciutat Vella,156,4,630000
Sant Martí,68,3,192000
Horta-Guinardó,55,2,159000
Sant Andreu,65,3,190000
Sants-Montjuïc,75,3,215000
Sants-Montjuïc,70,3,230000
Sants-Montjuïc,60,3,165000
Eixample,84,2,630000
Sarrià-Sant Gervasi,95,3,349000
Sant Martí,73,3,229000
Sant Martí,79,4,195000
Sant Martí,139,4,698000
Horta-Guinardó,160,5,595000
Les Corts,88,2,360000
Sant Martí,52,2,99000
Eixample,90,3,399000
Eixample,62,2,280000
Sarrià-Sant Gervasi,80,2,590000
Ciutat Vella,50,1,185000
Ciutat Vella,114,4,295000
Sarrià-Sant Gervasi,118,4,425000
Eixample,143,4,560000
Eixample,95,4,610000
Les Corts,60,3,260000
Sarrià-Sant Gervasi,150,4,850000
Eixample,88,2,360000
Gràcia,90,2,350000
Sants-Montjuïc,67,2,288000
Sant Martí,170,4,1686000
Sarrià-Sant Gervasi,145,3,720000
Sant Martí,52,2,99000
Sarrià-Sant Gervasi,483,8,2750000
Sarrià-Sant Gervasi,380,6,1850000
Gràcia,122,3,835000
Eixample,148,4,629000
Eixample,34,1,210000
Sant Martí,66,2,200000
Les Corts,90,4,420000
Sarrià-Sant Gervasi,93,3,395000
Sant Martí,92,2,360000
Ciutat Vella,84,4,299000
Sants-Montjuïc,81,2,299000
Les Corts,50,2,200000
Horta-Guinardó,95,3,449000
Sarrià-Sant Gervasi,170,4,950000
Sant Martí,92,4,245000
Sant Martí,49,2,99000
Sant Martí,87,4,230000
Eixample,71,2,265000
Sant Andreu,130,3,466000
Eixample,124,4,520000
Nou Barris,69,3,176000
Nou Barris,65,3,119000
Sants-Montjuïc,76,3,280000
Sants-Montjuïc,88,4,295000
Sarrià-Sant Gervasi,149,4,640000
Gràcia,80,1,429000
Sants-Montjuïc,69,2,228000
Eixample,87,3,395000
Gràcia,110,2,470000
Eixample,88,2,269000
Sants-Montjuïc,70,2,275000
Sarrià-Sant Gervasi,148,3,635000
Sants-Montjuïc,117,3,410000
Sant Martí,74,3,185000
Eixample,72,2,285000
Eixample,290,3,2450000
Eixample,123,5,369000
Sants-Montjuïc,83,3,250000
Horta-Guinardó,65,3,169800
Nou Barris,71,2,245000
Ciutat Vella,76,2,200000
Sant Martí,82,2,398000
Sants-Montjuïc,33,1,129000
Gràcia,60,3,310000
Les Corts,600,5,3990000
Ciutat Vella,86,3,349000
Sarrià-Sant Gervasi,160,3,845000
Eixample,122,3,570000
Ciutat Vella,86,3,270000
Nou Barris,62,3,139000
Nou Barris,96,3,215000
Sants-Montjuïc,120,3,463000
Sants-Montjuïc,150,3,239000
Ciutat Vella,56,3,283000
Sants-Montjuïc,81,4,405000
Eixample,113,4,425000
Ciutat Vella,83,3,320000
Gràcia,116,4,349000
Nou Barris,83,3,418200
Sants-Montjuïc,101,3,260000
Eixample,123,4,439000
Les Corts,185,2,1600000
Sant Andreu,73,3,206000
Eixample,98,4,360000
Ciutat Vella,80,3,250000
Ciutat Vella,63,2,240000
Eixample,114,3,1650000
Eixample,217,3,2290000
Eixample,72,2,360000
Les Corts,95,4,560000
Les Corts,91,4,525000
Eixample,225,4,1975000
Gràcia,122,4,595000
Eixample,90,3,1430000
Sarrià-Sant Gervasi,274,6,1190000
Sarrià-Sant Gervasi,492,6,4000000
Eixample,126,1,850000
Sant Martí,62,2,390000
Eixample,237,6,1800000
Eixample,200,3,1950000
Eixample,134,3,890000
Eixample,259,7,2450000
Eixample,475,4,5000000
Sants-Montjuïc,115,4,540000
Sarrià-Sant Gervasi,257,6,1250000
Ciutat Vella,269,4,1290000
Eixample,120,3,660000
Eixample,94,3,439000
Eixample,120,3,650000
Eixample,74,2,363400
Ciutat Vella,129,2,840000
Ciutat Vella,93,2,720000
Ciutat Vella,134,3,880000
Sant Martí,91,2,360000
Sant Martí,92,3,210000
Eixample,197,5,2500000
Ciutat Vella,72,1,275000
Sant Martí,125,3,498000
Sant Martí,81,3,217000
Horta-Guinardó,105,4,320000
Sant Martí,70,1,180000
Sants-Montjuïc,48,2,250000
Sants-Montjuïc,48,2,250000
Les Corts,68,2,340000
Sarrià-Sant Gervasi,81,3,550000
Eixample,165,2,1290000
Eixample,95,4,390000
Horta-Guinardó,61,3,125000
Sants-Montjuïc,53,1,115000
Eixample,102,3,675000
Sant Martí,97,3,359000
Eixample,152,3,675000
Les Corts,338,4,2250000
Eixample,170,4,795000
Eixample,106,2,400000
Eixample,100,3,369000
Eixample,172,3,1295000
Eixample,136,3,1150000
Sant Martí,188,3,2500000
Ciutat Vella,200,4,1250000
Eixample,91,3,538000
Sant Martí,145,3,1300000
Eixample,169,3,995000
Eixample,91,2,630000
Ciutat Vella,198,3,1600000
Eixample,82,1,260000
Gràcia,191,4,2300000
Gràcia,109,4,529000
Sant Martí,72,2,395000
Eixample,145,4,760000
Eixample,74,2,495000
Ciutat Vella,134,2,449000
Eixample,189,3,930000
Sarrià-Sant Gervasi,139,3,1150000
Eixample,57,2,345000
Eixample,106,3,699000
Eixample,198,5,790000
Sarrià-Sant Gervasi,120,3,649999
Eixample,197,5,990000
Eixample,70,3,289000
Eixample,83,3,330000
Sarrià-Sant Gervasi,92,3,399000
Horta-Guinardó,75,2,215000
Sant Martí,100,2,499900
Eixample,120,4,545000
Sant Martí,201,5,860000
Sant Andreu,78,3,178000
Horta-Guinardó,53,3,185000
Horta-Guinardó,71,2,260000
Eixample,100,3,469000
Sant Andreu,70,3,256000
Sants-Montjuïc,420,4,1450000
Sant Andreu,62,2,129000
Ciutat Vella,72,3,335000
Sants-Montjuïc,103,4,422000
Sants-Montjuïc,107,3,399000
Ciutat Vella,63,1,285000
Eixample,103,4,369000
Sant Andreu,67,3,240000
Sant Martí,92,3,359000
Sant Martí,206,5,874800
Sarrià-Sant Gervasi,214,4,1750000
Eixample,58,1,145000
Les Corts,96,4,385000
Horta-Guinardó,69,2,270000
Sant Martí,94,3,295000
Sant Martí,92,4,210000
Eixample,105,3,499000
Gràcia,76,3,295000
Sarrià-Sant Gervasi,140,4,670000
Eixample,93,4,345000
Eixample,70,3,280000
Horta-Guinardó,65,3,199000
Ciutat Vella,78,3,266000
Sant Martí,80,2,560000
Horta-Guinardó,88,3,230000
Eixample,128,3,850000
Horta-Guinardó,85,2,210000
Les Corts,86,4,420000
Eixample,115,3,995000
Sants-Montjuïc,75,3,215000
Nou Barris,68,3,200000
Les Corts,95,4,570000
Eixample,118,3,610000
Les Corts,131,4,449000
Eixample,140,3,675000
Sant Andreu,74,2,200000
Les Corts,100,4,560000
Gràcia,107,3,500000
Sarrià-Sant Gervasi,101,2,800000
Sant Andreu,75,3,199000
Sant Andreu,119,4,279900
Gràcia,200,4,770000
Eixample,97,4,375000
Ciutat Vella,145,3,450000
Eixample,86,2,420000
Ciutat Vella,89,3,450000
Sarrià-Sant Gervasi,120,3,660000
Ciutat Vella,29,1,119000
Ciutat Vella,67,3,230000
Sarrià-Sant Gervasi,85,3,445000
Horta-Guinardó,58,2,284000
Sants-Montjuïc,69,3,310000
Sant Andreu,69,3,259000
Sants-Montjuïc,62,3,215000
Sant Martí,56,3,199000
Eixample,53,1,260000
Gràcia,220,3,950000
Sants-Montjuïc,112,4,379000
Ciutat Vella,143,4,410000
Les Corts,95,2,530500
Les Corts,100,2,630000
Les Corts,102,2,550000
Gràcia,88,2,646000
Ciutat Vella,153,3,570000
Les Corts,215,4,1050000
Gràcia,88,2,440000
Sarrià-Sant Gervasi,220,3,890000
Eixample,46,1,297000
Sarrià-Sant Gervasi,234,3,1100000
Sants-Montjuïc,50,2,290000
Sarrià-Sant Gervasi,149,4,960000
Ciutat Vella,86,3,359000
Ciutat Vella,81,2,440000
Sarrià-Sant Gervasi,280,4,2750000
Ciutat Vella,219,2,1280000
Sarrià-Sant Gervasi,323,4,1890000
Sant Martí,136,3,890000
Ciutat Vella,103,2,680000
Gràcia,120,4,499000
Eixample,91,2,375000
Sant Martí,56,1,432000
Sant Martí,58,2,435000
Sarrià-Sant Gervasi,546,6,1750000
Ciutat Vella,318,2,2500000
Sarrià-Sant Gervasi,265,3,2750000
Sarrià-Sant Gervasi,380,6,1850000
Sarrià-Sant Gervasi,376,5,1150000
Les Corts,750,8,5800000
Sarrià-Sant Gervasi,191,4,1175000
Sarrià-Sant Gervasi,300,6,1550000
Sants-Montjuïc,106,3,417000
Sant Martí,147,3,960000
Ciutat Vella,137,2,370000
Sarrià-Sant Gervasi,256,4,1295000
Les Corts,598,5,2490000
Gràcia,95,1,575000
Sants-Montjuïc,87,2,460000
Sants-Montjuïc,100,2,649000
Sarrià-Sant Gervasi,585,5,2350000
Eixample,72,3,390000
Sarrià-Sant Gervasi,555,4,2150000
Sants-Montjuïc,50,2,189000
Sants-Montjuïc,62,2,235000
Nou Barris,56,2,295800
Horta-Guinardó,197,4,480000
Nou Barris,75,3,276000
Gràcia,582,5,1690000
Sant Andreu,80,2,340000
Ciutat Vella,95,3,345000
Eixample,90,3,350000
Sants-Montjuïc,95,3,299000
Eixample,80,2,255000
Les Corts,131,3,564900
Sants-Montjuïc,87,2,315000
Eixample,82,4,310000
Gràcia,95,4,359900
Ciutat Vella,63,3,235000
Sant Andreu,93,4,329000
Eixample,117,4,280000
Sants-Montjuïc,100,4,300000
Sants-Montjuïc,93,4,335000
Eixample,61,3,299000
Horta-Guinardó,90,3,230000
Horta-Guinardó,91,3,415000
Sants-Montjuïc,41,1,215000
Sarrià-Sant Gervasi,71,3,359000
Sants-Montjuïc,47,1,280000
Eixample,91,2,690000
Gràcia,130,4,575000
Sant Martí,82,3,239900
Ciutat Vella,55,2,225000
Eixample,81,2,420000
Eixample,69,2,379000
Sant Martí,130,3,435000
Eixample,131,5,550000
Les Corts,139,4,840000
Eixample,73,3,300000
Sants-Montjuïc,90,3,199000
Horta-Guinardó,69,4,198000
Sant Andreu,70,2,285000
Sarrià-Sant Gervasi,250,3,1100000
Sant Martí,131,3,260000
Gràcia,107,3,495000
Horta-Guinardó,46,3,195000
Sarrià-Sant Gervasi,176,4,740000
Sant Martí,135,3,575000
Eixample,72,3,369000
Gràcia,70,3,400000
Ciutat Vella,221,4,1690000
Sant Martí,72,3,295000
Sants-Montjuïc,114,4,410000
Sarrià-Sant Gervasi,251,5,1630000
Eixample,121,3,595000
Ciutat Vella,55,2,160000
Ciutat Vella,133,4,495000
Sant Martí,75,2,398000
Ciutat Vella,90,1,800000
Sant Martí,66,2,169000
Sant Martí,105,3,695000
Eixample,96,4,350000
Sarrià-Sant Gervasi,290,4,1690000
Sarrià-Sant Gervasi,264,5,3500000
Sarrià-Sant Gervasi,82,3,550000
Eixample,183,5,699000
Eixample,91,3,375000
Eixample,85,1,329000
Sarrià-Sant Gervasi,198,2,1280000
Ciutat Vella,83,3,395000
Les Corts,314,5,2400000
Sant Martí,115,3,1090000
Les Corts,218,4,2250000
Sarrià-Sant Gervasi,130,3,1290000
Sants-Montjuïc,80,4,280000
Les Corts,686,6,4600000
Ciutat Vella,118,2,495000
Gràcia,582,3,1690000
Sarrià-Sant Gervasi,374,5,1950000
Sarrià-Sant Gervasi,281,5,1500000
Sarrià-Sant Gervasi,160,4,875000
Ciutat Vella,35,2,190000
Gràcia,49,2,245000
Eixample,84,4,299000
Sarrià-Sant Gervasi,412,5,2100000
Nou Barris,55,2,170000
Horta-Guinardó,40,1,198000
Sant Martí,175,3,1130000
Sant Martí,73,2,375000
Sarrià-Sant Gervasi,500,7,2950000
Sarrià-Sant Gervasi,355,6,2300000
Sarrià-Sant Gervasi,257,5,1650000
Sants-Montjuïc,334,4,797000
Sarrià-Sant Gervasi,111,4,495000
Eixample,147,3,1850000
Eixample,180,3,765000
Sarrià-Sant Gervasi,545,9,3900000
Eixample,112,3,499000
Eixample,123,3,1190000
Eixample,80,2,650000
Eixample,77,4,340000
Sants-Montjuïc,150,3,239000
Sant Martí,71,3,179000
Sant Andreu,104,3,588000
Sant Andreu,56,2,242000
Sant Andreu,104,3,523000
Sant Andreu,62,3,188000
Sant Martí,77,3,325000
Sarrià-Sant Gervasi,120,1,380000
Eixample,600,4,12000000
Nou Barris,49,2,167000
Eixample,63,2,195000
Les Corts,95,2,480000
Sants-Montjuïc,75,3,250000
Sants-Montjuïc,76,3,269000
Sant Martí,75,4,195000
Sant Martí,73,3,399000
Sants-Montjuïc,60,2,260000
Eixample,133,3,850000
Gràcia,79,3,445000
Ciutat Vella,40,1,170000
Ciutat Vella,59,2,230000
Les Corts,234,5,840000
Ciutat Vella,61,2,227000
Ciutat Vella,49,1,180000
Sant Martí,93,3,375000
Sant Martí,90,3,285000
Eixample,109,4,460000
Sants-Montjuïc,60,3,220000
Eixample,156,2,1900000
Eixample,149,2,1200000
Eixample,149,2,1325000
Eixample,113,3,415000
Gràcia,93,4,350000
Eixample,97,5,440000
Sant Martí,85,3,290000
Horta-Guinardó,132,6,389000
Sant Andreu,101,4,298000
Sants-Montjuïc,63,2,310000
Sants-Montjuïc,91,3,430000
Eixample,75,2,363400
Eixample,88,3,445500
Eixample,80,2,319000
Sants-Montjuïc,91,3,340000
Sant Martí,75,2,395000
Eixample,109,3,445000
Nou Barris,65,3,135000
Sarrià-Sant Gervasi,220,5,1100000
Ciutat Vella,85,2,234000
Sant Martí,86,4,339000
Eixample,87,3,365000
Ciutat Vella,84,4,297069
Eixample,88,3,399000
Sants-Montjuïc,99,3,299800
Sarrià-Sant Gervasi,274,4,839000
Gràcia,137,3,575000
Les Corts,95,2,479000
Ciutat Vella,34,1,165000
Sant Martí,70,2,420000
Sants-Montjuïc,86,4,335000
Sants-Montjuïc,79,3,253000
Eixample,63,2,350000
Gràcia,70,2,319000
Sant Martí,74,3,260000
Horta-Guinardó,58,3,196000
Gràcia,64,2,275000
Gràcia,56,1,320000
Ciutat Vella,71,3,195000
Sant Martí,67,3,289000
Eixample,122,4,415000
Sant Martí,91,3,290000
Les Corts,210,5,1030000
Sants-Montjuïc,62,3,250000
Eixample,42,1,228000
Ciutat Vella,117,3,840000
Ciutat Vella,76,2,465000
Ciutat Vella,151,2,565000
Ciutat Vella,84,2,475000
Eixample,68,2,470000
Eixample,62,3,385000
Ciutat Vella,75,2,319000
Sarrià-Sant Gervasi,80,3,415000
Eixample,230,4,2300000
Eixample,117,2,595000
Eixample,177,3,890000
Sarrià-Sant Gervasi,391,7,1690000
Eixample,75,2,298000
Eixample,135,4,795000
Gràcia,136,4,475000
Sant Martí,141,3,830000
Sant Martí,75,3,230000
Eixample,132,3,1180000
Eixample,86,1,870000
Gràcia,51,1,350000
Sant Martí,41,1,177000
Ciutat Vella,299,2,3500000
Eixample,139,3,1570000
Horta-Guinardó,54,3,250000
Eixample,85,3,380000
Eixample,140,4,530000
Sarrià-Sant Gervasi,129,4,685000
Ciutat Vella,111,1,550000
Nou Barris,66,3,295000
Sarrià-Sant Gervasi,73,1,310000
Sant Martí,83,2,235000
Sants-Montjuïc,68,3,152000
Sant Martí,76,3,169000
Gràcia,68,2,245000
Sants-Montjuïc,126,4,359000
Ciutat Vella,75,2,280000
Sarrià-Sant Gervasi,86,2,400000
Ciutat Vella,64,2,200000
Nou Barris,68,3,200000
Sants-Montjuïc,110,4,360000
Nou Barris,55,2,170000
Les Corts,144,4,670000
Sant Martí,84,2,425000
Nou Barris,125,2,449000
Sant Martí,179,3,538000
Sarrià-Sant Gervasi,131,5,650000
Nou Barris,68,3,141000
Sant Martí,77,3,169000
Eixample,96,2,439000
Sant Andreu,76,3,218000
Sant Andreu,89,4,264000
Sant Martí,117,3,568000
Sant Andreu,68,3,139000
Sarrià-Sant Gervasi,300,5,3500000
Sant Andreu,79,2,239000
Sarrià-Sant Gervasi,90,2,800000
Eixample,203,3,1790000
Nou Barris,94,4,305000
Sants-Montjuïc,95,2,367000
Les Corts,94,3,425000
Ciutat Vella,158,4,540000
Sarrià-Sant Gervasi,353,4,3100000
Les Corts,121,4,595000
Eixample,73,4,267000
Sarrià-Sant Gervasi,116,3,395000
Les Corts,800,6,6500000
Ciutat Vella,66,2,425000
Sants-Montjuïc,70,2,460000
Eixample,62,2,500000
Sants-Montjuïc,70,2,445000
Eixample,94,3,500000
Ciutat Vella,49,1,197500
Eixample,65,1,340000
Sant Martí,110,2,644000
Les Corts,147,5,695000
Gràcia,89,2,470000
Sarrià-Sant Gervasi,177,3,1000000
Eixample,142,4,595000
Horta-Guinardó,70,3,209000
Eixample,201,4,1360000
Eixample,89,2,400000
Ciutat Vella,117,2,470000
Ciutat Vella,90,2,445000
Eixample,90,4,375000
Eixample,120,2,795000
Sants-Montjuïc,129,3,446000
Eixample,70,4,255000
Sant Andreu,159,2,399900
Ciutat Vella,130,2,710000
Eixample,92,3,360000
Nou Barris,55,2,170000
Eixample,75,2,435000
Eixample,68,1,330000
Ciutat Vella,60,3,249000
Eixample,60,4,210000
Les Corts,120,4,498000
Gràcia,70,2,428000
Sant Martí,106,4,545000
Ciutat Vella,88,2,285000
Sant Martí,170,4,453000
Les Corts,108,4,430000
Gràcia,63,2,265000
Sant Andreu,110,3,309000
Eixample,159,5,840000
Eixample,96,3,342000
Sants-Montjuïc,77,4,295000
Nou Barris,55,3,87000
Sant Martí,85,4,298000
Nou Barris,70,3,140000
Gràcia,63,2,295000
Eixample,118,3,570000
Eixample,200,4,1650000
Sant Martí,91,4,285000
Eixample,117,4,655000
Eixample,121,2,1000000
Eixample,152,3,1550000
Eixample,73,2,395000
Eixample,146,4,595000
Horta-Guinardó,55,3,199000
Gràcia,99,2,375000
Sants-Montjuïc,111,3,550000
Sant Martí,273,4,1130000
Sants-Montjuïc,70,3,299000
Sarrià-Sant Gervasi,91,2,585000
Sant Martí,73,3,218000
Ciutat Vella,53,2,235000
Sarrià-Sant Gervasi,175,4,1050000
Sant Martí,66,2,199000
Ciutat Vella,166,3,1200000
Ciutat Vella,172,4,1115000
Ciutat Vella,72,2,590000
Sant Martí,105,2,375000
Sarrià-Sant Gervasi,185,5,950000
Sant Martí,48,2,209000
Les Corts,79,3,295000
Sants-Montjuïc,79,3,235000
Les Corts,120,4,595000
Sants-Montjuïc,72,3,295000
Gràcia,364,4,1149000
Les Corts,104,4,530000
Ciutat Vella,58,1,310000
Sants-Montjuïc,70,2,331000
Sarrià-Sant Gervasi,105,2,490000
Sant Andreu,65,3,219000
Les Corts,89,2,525000
Gràcia,65,3,255000
Eixample,70,4,259000
Ciutat Vella,102,4,350000
Eixample,126,3,698000
Sarrià-Sant Gervasi,103,3,460000
Les Corts,63,2,450000
Gràcia,228,4,680000
Les Corts,68,3,490000
Gràcia,60,2,365000
Sarrià-Sant Gervasi,90,2,478000
Eixample,87,2,470000
Eixample,84,2,630000
Gràcia,51,1,315400
Gràcia,53,1,342950
Eixample,117,4,550000
Eixample,71,2,540000
Les Corts,82,3,359000
Ciutat Vella,175,4,1145000
Sants-Montjuïc,98,3,435000
Eixample,214,5,3000000
Les Corts,255,6,2275000
Sants-Montjuïc,61,2,299500
Les Corts,226,5,1140000
Sant Martí,132,4,1980000
Sant Andreu,80,4,225000
Ciutat Vella,77,1,460000
Gràcia,35,1,134000
Ciutat Vella,106,2,600000
Sants-Montjuïc,80,3,245000
Ciutat Vella,95,4,380000
Sarrià-Sant Gervasi,54,1,209000
Sant Martí,101,4,230000
Sarrià-Sant Gervasi,56,2,285000
Gràcia,75,2,305000
Sarrià-Sant Gervasi,95,2,510000
Sarrià-Sant Gervasi,232,4,1750000
Sant Andreu,50,2,255000
Les Corts,110,2,335000
Ciutat Vella,95,5,220000
Les Corts,92,4,420708
Horta-Guinardó,64,3,290000
Sarrià-Sant Gervasi,331,5,1570000
Sant Martí,71,3,188000
Sant Martí,170,4,453000
Nou Barris,77,3,139900
Gràcia,85,2,410000
Gràcia,123,3,375000
Sarrià-Sant Gervasi,165,5,860000
Ciutat Vella,85,3,260000
Les Corts,83,4,350000
Eixample,113,3,530000
Eixample,83,2,250000
Sarrià-Sant Gervasi,121,3,600000
Sarrià-Sant Gervasi,120,4,509000
Eixample,91,2,600000
Eixample,160,4,760000
Gràcia,108,2,530000
Sarrià-Sant Gervasi,90,3,695000
Sarrià-Sant Gervasi,118,3,921000
Sarrià-Sant Gervasi,87,2,725000
Sant Martí,81,2,411000
Sarrià-Sant Gervasi,51,1,403000
Sant Martí,89,1,577500
Sant Martí,95,1,617000
Sant Martí,63,1,378500
Sant Martí,76,2,426000
Sant Martí,96,3,473500
Eixample,105,3,1269000
Eixample,105,3,1075000
Eixample,210,4,1879000
Nou Barris,83,3,418200
Sarrià-Sant Gervasi,124,3,795000
Sarrià-Sant Gervasi,62,1,445000
Sarrià-Sant Gervasi,62,1,420000
Sant Martí,201,5,860000
Sant Martí,206,5,874800
Les Corts,102,2,550000
Les Corts,95,2,530500
Les Corts,100,2,630000
Gràcia,88,2,646000
Nou Barris,56,2,295800
Eixample,150,2,2158000
Eixample,85,2,858000
Eixample,192,2,2188000
Sarrià-Sant Gervasi,102,2,845000
Sarrià-Sant Gervasi,106,2,880000
Sarrià-Sant Gervasi,106,2,1035000
Horta-Guinardó,116,3,435000
Ciutat Vella,76,2,465000
Ciutat Vella,151,2,565000
Ciutat Vella,84,2,475000
Sants-Montjuïc,79,1,355000
Sants-Montjuïc,69,2,331000
Sants-Montjuïc,69,2,337000
Eixample,76,2,490000
Eixample,76,2,505000
Eixample,77,2,495000
Eixample,50,1,295000
Eixample,50,1,315000
Eixample,68,2,375000
Ciutat Vella,172,4,1115000
Ciutat Vella,72,2,590000
Ciutat Vella,166,3,1200000
Gràcia,51,1,315400
Gràcia,53,1,342950
Eixample,60,2,370000
Eixample,60,2,380000
Eixample,60,2,365000
Sant Martí,66,2,400000
Sant Martí,96,3,560000
Sant Martí,96,3,545000
Sant Martí,124,3,575700
Sant Martí,71,1,341000
Sant Martí,122,2,548400
Sarrià-Sant Gervasi,45,1,440000
Sarrià-Sant Gervasi,50,1,520000
Sarrià-Sant Gervasi,45,1,407000
Eixample,159,4,820000
Eixample,78,2,435000
Eixample,149,3,745000
Nou Barris,66,2,331500
Ciutat Vella,50,1,322000
Ciutat Vella,62,2,478000
Ciutat Vella,59,1,352000
Sarrià-Sant Gervasi,101,3,775000
Sarrià-Sant Gervasi,95,2,820000
Sarrià-Sant Gervasi,91,3,749000
Gràcia,94,3,595000
Gràcia,53,1,309000
Gràcia,72,2,470000
Eixample,55,1,367200
Eixample,55,1,345600
Eixample,55,1,356400
Eixample,89,3,540000
Eixample,89,3,530000
Eixample,72,2,580000
Eixample,111,3,1095000
Eixample,105,3,1475000
Sant Andreu,102,4,430000
Sant Martí,67,1,359000
Sarrià-Sant Gervasi,69,2,608000
Sarrià-Sant Gervasi,70,2,599000
Sarrià-Sant Gervasi,69,2,583000
Horta-Guinardó,91,3,425000
Horta-Guinardó,91,3,415000
Sant Martí,86,2,469000
Horta-Guinardó,114,3,430000
Horta-Guinardó,116,3,415000
Sants-Montjuïc,68,2,242400
Sants-Montjuïc,50,1,180610
Sants-Montjuïc,84,3,291700
Sants-Montjuïc,72,2,335000
Sant Andreu,56,2,258000
Sant Andreu,56,2,262000
Gràcia,99,4,395000
Gràcia,86,3,355000
Gràcia,50,1,250000
Nou Barris,55,2,234000
Nou Barris,62,2,253000
Nou Barris,47,1,199000
Sant Martí,96,3,610000
Horta-Guinardó,83,3,455000
Horta-Guinardó,81,3,430000
Sants-Montjuïc,87,2,420000
Sants-Montjuïc,69,2,335000
Sants-Montjuïc,82,2,400000
Gràcia,74,2,420000
Gràcia,68,3,410000
Gràcia,75,2,415000
Sant Andreu,85,3,355000
Sant Andreu,102,3,430000
Nou Barris,101,4,350000
Nou Barris,107,4,450000
Nou Barris,52,2,270000
Horta-Guinardó,64,2,375000
Eixample,204,4,2975000
Eixample,144,4,1980000
Horta-Guinardó,100,2,570000
Horta-Guinardó,121,4,625000
Horta-Guinardó,121,4,660000
Horta-Guinardó,113,3,600000
Nou Barris,68,2,382500
Nou Barris,81,3,433500
Horta-Guinardó,100,2,475000
Horta-Guinardó,100,2,515000
Horta-Guinardó,113,3,515000
Horta-Guinardó,121,4,595000
Sarrià-Sant Gervasi,132,2,865000
Les Corts,100,2,695000
Sant Andreu,73,2,328000
Sant Andreu,65,2,324000
Sant Andreu,63,1,369000
Sant Martí,84,2,425000
Sant Martí,104,3,376000
Sant Martí,99,3,480000
Sant Martí,190,3,597000
Les Corts,89,2,692000
Les Corts,134,2,670000
Nou Barris,66,2,336600
Nou Barris,56,2,331500
Eixample,134,1,495000
Eixample,138,3,795000
Eixample,189,3,1090000
Sarrià-Sant Gervasi,158,2,900000
Sarrià-Sant Gervasi,160,2,910000
Eixample,128,1,780000
Eixample,160,2,970000
Eixample,195,2,2158000
Eixample,145,2,2188000
Eixample,158,3,1368000
Sarrià-Sant Gervasi,134,3,1395000
Sarrià-Sant Gervasi,138,3,1370000
Sarrià-Sant Gervasi,115,2,1130000
Sant Andreu,105,3,462000
Sant Andreu,104,3,457000
Sant Andreu,104,3,523000
Sant Andreu,56,2,242000
Sants-Montjuïc,109,3,467000
Sant Martí,151,4,833900
Ciutat Vella,128,2,595000
Nou Barris,70,2,377400
Horta-Guinardó,113,3,474000
Horta-Guinardó,121,3,445000
Sant Martí,100,4,533000
Ciutat Vella,80,2,475000
Horta-Guinardó,110,3,395000
Ciutat Vella,71,2,485000
Ciutat Vella,71,2,475000
Ciutat Vella,150,2,565000
Ciutat Vella,84,2,465000
Horta-Guinardó,88,3,432500
Horta-Guinardó,97,3,530000
Horta-Guinardó,92,3,526500
Horta-Guinardó,88,3,502500
Sant Martí,95,4,499000
Sant Martí,66,2,340000
Sant Martí,67,2,315000
Sant Andreu,51,1,279000
Ciutat Vella,95,2,592000
Ciutat Vella,95,2,591000
Ciutat Vella,80,2,498000
Ciutat Vella,92,2,474000
Ciutat Vella,53,1,339000
Ciutat Vella,77,3,416000
Ciutat Vella,66,1,380000
Ciutat Vella,51,1,322000
Ciutat Vella,100,2,481000
Sant Martí,148,2,698000
Sant Martí,85,2,565000
Sant Martí,85,2,535000
Sant Martí,110,2,634000
Sant Martí,110,2,644000
Sant Martí,87,2,520000
Sant Martí,85,2,555000
Sants-Montjuïc,69,2,343000
Sants-Montjuïc,88,2,399000
Sants-Montjuïc,115,3,489000
Sants-Montjuïc,81,2,375000
Sants-Montjuïc,81,2,389000
Sants-Montjuïc,128,4,545000
Sants-Montjuïc,81,2,382000
Eixample,75,2,510000
Eixample,75,2,655000
Eixample,75,2,650000
Eixample,97,3,550000
Eixample,97,3,540000
Eixample,68,2,380000
Horta-Guinardó,81,3,310000
Ciutat Vella,215,4,1690000
Ciutat Vella,106,2,790000
Les Corts,95,2,550000
Sants-Montjuïc,60,2,375000
Sarrià-Sant Gervasi,150,4,1150000
Eixample,60,2,400000
Sarrià-Sant Gervasi,58,1,385000
Sants-Montjuïc,83,3,437000
Sants-Montjuïc,60,2,325000
Sants-Montjuïc,78,3,360000
Sants-Montjuïc,60,2,337000
Eixample,100,2,720000
Eixample,70,1,465000
Eixample,64,1,425000
Eixample,66,1,430000
Eixample,59,1,385000
Eixample,94,1,600000
Eixample,86,1,545000
Eixample,95,3,565000
Eixample,81,2,595000
Eixample,89,3,530000
Eixample,89,3,540000
Eixample,72,2,580000
Sant Martí,65,2,415000
Sant Martí,62,2,350000
Sant Martí,72,2,475000
Sant Martí,72,2,415000
Sant Martí,62,2,375000
Sant Martí,65,2,395000
Sant Martí,80,3,425000
Sant Martí,103,3,470000
Sant Martí,104,3,496128
Sant Martí,81,2,365000
Sant Martí,112,4,594448
Sant Martí,76,2,360000
Sant Martí,70,1,268000
Eixample,101,2,530000
Les Corts,100,2,670000
Les Corts,76,2,550000
Les Corts,73,2,715000
Les Corts,71,2,530500
Les Corts,65,2,692000
Les Corts,115,2,1600000
Les Corts,71,2,550000
Les Corts,102,2,683000
Eixample,109,2,695000
Eixample,101,2,695000
Eixample,71,1,505000
Eixample,100,2,660000
Eixample,71,1,520000
Eixample,101,2,715000
Eixample,71,1,485000
Gràcia,97,2,510000
Gràcia,75,1,350000
Sants-Montjuïc,88,2,394000
Sarrià-Sant Gervasi,84,2,545000
Sarrià-Sant Gervasi,84,2,530000
Sarrià-Sant Gervasi,82,2,510000
Eixample,120,3,628000
Eixample,120,3,675000
Eixample,120,3,660000
Eixample,120,3,640000
Gràcia,120,3,495000
Sant Martí,56,2,326000
Sant Martí,101,4,545000
Sant Andreu,84,2,430000
Sant Andreu,84,2,360000
Sant Andreu,84,2,340000
Sant Andreu,118,3,480000
Sant Martí,96,3,535000
Sant Martí,96,3,570000
Sant Martí,94,3,537500
Sant Martí,73,2,387125
Sant Martí,66,1,390000
Sant Martí,73,2,375250
Sant Martí,94,3,555000
Sant Martí,66,1,349125
Sant Martí,66,1,358125
Sant Martí,73,2,420000
Sant Martí,66,1,415000
Sant Martí,94,3,482125
Sant Martí,94,3,473575
Horta-Guinardó,98,3,398500
Horta-Guinardó,103,1,262000
Horta-Guinardó,83,2,351500
Sant Martí,158,4,685500
Sant Martí,94,3,474000
Sant Martí,67,2,342000
Sarrià-Sant Gervasi,105,3,1280000
Sarrià-Sant Gervasi,62,2,583000
Sarrià-Sant Gervasi,63,2,561000
Sant Martí,101,3,459000
Sant Martí,92,2,399000
Sant Martí,130,4,570000
Ciutat Vella,58,1,339000
Ciutat Vella,60,2,364000
Ciutat Vella,86,1,462000
Sarrià-Sant Gervasi,57,2,795000
Les Corts,185,2,1600000
Les Corts,99,2,715000
Gràcia,72,2,520000
Gràcia,72,2,495000
Gràcia,94,3,630000
Gràcia,51,1,322000
Gràcia,94,3,615000
Gràcia,61,1,350000
Eixample,64,2,435200
Eixample,55,1,378000
Eixample,64,2,448000
Horta-Guinardó,53,2,255697
Horta-Guinardó,53,2,255697
Horta-Guinardó,53,2,241815
Horta-Guinardó,53,2,247633
Horta-Guinardó,53,2,246467
Eixample,95,3,565000
Eixample,81,2,595000
Sants-Montjuïc,85,2,470000
Sants-Montjuïc,100,2,595000
Sants-Montjuïc,86,2,425000
Sant Martí,78,2,420000
Sant Martí,57,2,296000
Sant Martí,46,1,264000
Sant Martí,48,2,265000
Sant Martí,55,2,256000
Sant Martí,53,2,280000
Sant Martí,77,2,295000
Sant Martí,68,3,315000
Sant Martí,99,4,620000
Ciutat Vella,62,2,440000
Horta-Guinardó,81,3,395000
Horta-Guinardó,78,3,370000
Horta-Guinardó,78,3,360000
Les Corts,122,3,620000
Les Corts,190,3,750000
Les Corts,159,2,560000
Les Corts,114,3,620000
Les Corts,122,3,650000
Les Corts,122,3,590000
Ciutat Vella,131,3,830000
Eixample,113,3,1325000
Sant Andreu,85,3,395000
Sant Andreu,84,3,385000
Sant Andreu,128,4,580000
Sant Andreu,84,3,390000
Horta-Guinardó,113,3,285000
Sant Martí,99,3,643496
Sant Martí,118,3,680434
Sant Martí,109,3,527258
Sant Martí,112,3,695610
Sant Martí,62,2,413729
Sant Martí,68,2,409877
Sant Martí,85,3,545713
Sant Martí,62,2,560204
Sant Martí,62,2,429209
Sant Martí,62,2,387537
Sarrià-Sant Gervasi,572,5,2985000
Gràcia,97,3,506000
Gràcia,92,3,453000
Gràcia,97,3,523000
Gràcia,175,3,826000
Horta-Guinardó,76,2,282000
Sants-Montjuïc,89,3,285000
Sants-Montjuïc,70,2,245000
Sants-Montjuïc,61,2,224000
Sants-Montjuïc,102,4,456000
Horta-Guinardó,79,3,288000
Horta-Guinardó,50,2,220000
Horta-Guinardó,62,3,235000
Horta-Guinardó,63,3,268000
Horta-Guinardó,56,2,238000
Horta-Guinardó,88,4,298000
Horta-Guinardó,56,2,216000
Horta-Guinardó,62,3,258000
Horta-Guinardó,56,2,220000
Horta-Guinardó,86,3,269000
Horta-Guinardó,75,2,283000
Horta-Guinardó,100,3,435000
Horta-Guinardó,50,1,269000
Horta-Guinardó,50,1,259000
Horta-Guinardó,100,3,450000
Sarrià-Sant Gervasi,200,3,2360000
Sarrià-Sant Gervasi,200,3,2360000
Ciutat Vella,82,2,540000
Ciutat Vella,82,2,525000
Ciutat Vella,67,1,475000
Ciutat Vella,82,2,500000
Ciutat Vella,50,1,360000
Ciutat Vella,50,1,335000
Sant Andreu,77,2,345000
Sant Andreu,77,2,425000
Sant Andreu,77,2,355000
Sant Andreu,77,2,340000
Sant Andreu,77,2,340000
Horta-Guinardó,100,2,485000
Horta-Guinardó,94,2,465000
Horta-Guinardó,105,2,367500
Sarrià-Sant Gervasi,69,2,624000
Sarrià-Sant Gervasi,73,2,648000
Sarrià-Sant Gervasi,70,2,624000
Sarrià-Sant Gervasi,69,2,616000
Sarrià-Sant Gervasi,70,2,616000
Sarrià-Sant Gervasi,73,2,639000
Sarrià-Sant Gervasi,69,2,599000
Sarrià-Sant Gervasi,70,2,607000
Sarrià-Sant Gervasi,73,2,683000
Sarrià-Sant Gervasi,69,2,591000
Sant Martí,108,1,703000
Sant Martí,164,1,986500
Sant Martí,153,1,916000
Sant Martí,138,1,826500
Sant Martí,105,1,577000
Sant Martí,76,1,496000
Sant Martí,115,1,630000
Sant Martí,110,1,717000
Sant Martí,151,1,907500
Sant Martí,118,1,648000
Sant Martí,103,1,545000
Sant Martí,63,1,410000
Sant Martí,75,1,452500
Sant Martí,114,4,596000
Sant Martí,67,2,375000
Sant Martí,95,3,499000
Sant Martí,119,4,630000
Sant Andreu,91,4,410000
Sant Andreu,88,3,395000
Sant Andreu,87,3,380000
Sant Andreu,114,4,490000
Sant Andreu,109,4,480000
Sant Andreu,84,3,380000
Sant Andreu,147,4,520000
Sant Andreu,120,3,385000
Sant Andreu,96,3,360000
Sant Andreu,114,4,375000
Sant Andreu,112,3,420000
Horta-Guinardó,55,1,162000
Sant Andreu,86,3,445000
Sant Andreu,86,3,410000
Sant Andreu,86,3,405000
Sant Andreu,86,3,400000
Sant Andreu,69,2,385000
Sant Andreu,69,2,350000
Sant Andreu,69,2,345000
Sant Andreu,69,2,340000
Eixample,148,3,745000
Horta-Guinardó,112,3,495000
Sant Martí,104,3,620000
Sant Martí,104,3,645000
Sant Martí,104,3,429000
Sant Martí,91,3,409000
Sant Martí,95,3,575000
Sant Martí,95,3,457000
Sant Martí,83,2,358000
Sant Martí,82,2,398000
Sant Martí,91,3,446000
Sant Martí,91,3,455000
Sant Martí,81,2,391000
Sarrià-Sant Gervasi,78,1,495000
Horta-Guinardó,115,3,450000
Ciutat Vella,140,2,650000
Ciutat Vella,100,2,450000
Ciutat Vella,100,2,450000
Sant Martí,113,3,750000
Sant Martí,113,3,750000
Sant Martí,106,3,690000
Horta-Guinardó,53,2,252920
Sants-Montjuïc,72,2,340000
Sants-Montjuïc,92,3,435000
Sants-Montjuïc,107,3,493718
Sant Andreu,56,2,282000
Sant Andreu,56,2,272000
Sant Andreu,56,2,286000
Sant Andreu,56,2,268000
Sarrià-Sant Gervasi,145,2,1210000
Sarrià-Sant Gervasi,198,2,1940000
Sant Martí,92,3,606000
Sant Martí,92,2,690000
Sant Martí,63,2,296000
Sant Martí,88,2,650000
Sant Martí,76,2,398000
Horta-Guinardó,61,2,328000
Horta-Guinardó,61,2,298000
Horta-Guinardó,85,3,408000
Horta-Guinardó,58,2,398000
Horta-Guinardó,61,2,348000
Nou Barris,29,1,118000
Horta-Guinardó,75,2,337000
Horta-Guinardó,75,2,335000
Horta-Guinardó,116,3,395000
Sants-Montjuïc,118,4,502000
Horta-Guinardó,74,2,296500
Horta-Guinardó,230,4,599000
Horta-Guinardó,52,1,201500
Horta-Guinardó,62,1,225500
Horta-Guinardó,62,1,235500
Horta-Guinardó,52,1,209500
Sant Martí,69,2,435000
Sant Martí,110,2,795000
Sant Martí,63,1,356000
Sants-Montjuïc,76,2,340000
Nou Barris,77,3,268000
Nou Barris,87,3,312000
Nou Barris,47,1,156000
Nou Barris,73,3,358000
Gràcia,72,3,365000
Gràcia,103,4,465000
Nou Barris,55,2,267000
Nou Barris,61,2,274000
Nou Barris,55,2,260000
Nou Barris,74,2,347000
Sant Andreu,90,3,418000
Sant Andreu,143,2,455000
Sant Andreu,98,3,467000
Sant Andreu,94,3,458000
Sant Martí,115,4,601500
Sant Martí,70,2,285000
Sarrià-Sant Gervasi,70,1,295000
Gràcia,90,2,622250
Gràcia,71,1,523450
Sant Martí,73,3,462000
Horta-Guinardó,187,4,778000
Les Corts,120,3,820000
Gràcia,75,2,425000
Gràcia,75,2,450000
Gràcia,74,2,445000
Gràcia,75,2,440000
Sant Martí,113,4,705000
Horta-Guinardó,62,2,305000
Horta-Guinardó,45,1,240000
Horta-Guinardó,45,1,250000
Horta-Guinardó,63,2,315000
Horta-Guinardó,63,2,305000
Sarrià-Sant Gervasi,90,3,650000
Sarrià-Sant Gervasi,130,3,1125000
Sarrià-Sant Gervasi,146,4,1195000
Gràcia,92,3,442000
Sant Martí,63,2,394000
Sant Martí,70,2,371000
Ciutat Vella,79,2,638000
Ciutat Vella,69,2,571000
Ciutat Vella,79,2,661000
Ciutat Vella,59,2,510000
Ciutat Vella,88,3,694000
Ciutat Vella,79,2,483000
Ciutat Vella,71,2,431000
Ciutat Vella,82,2,498000
Ciutat Vella,56,2,357000
Ciutat Vella,90,2,533000
Les Corts,72,2,510000
Sarrià-Sant Gervasi,154,4,1253000
Sarrià-Sant Gervasi,117,3,978000
Sarrià-Sant Gervasi,86,2,545000
Horta-Guinardó,68,2,320000
Horta-Guinardó,130,4,584000
Sant Martí,102,3,595000
Sant Martí,52,2,305000
Sant Martí,52,2,300000
Sant Martí,52,2,305000
Sant Martí,52,2,310000
Sant Martí,52,2,315000
Sant Martí,52,2,295000
Les Corts,72,2,495000
Les Corts,125,3,795000
Eixample,129,2,758000
Les Corts,127,4,977500
Les Corts,81,2,634500
Ciutat Vella,47,1,200000
Ciutat Vella,72,1,300000
Sant Martí,81,1,445500
Horta-Guinardó,58,2,224000
Les Corts,143,4,995000
Eixample,92,4,460000
Horta-Guinardó,174,6,299000
Eixample,183,5,725000
Eixample,183,6,725000
Sant Martí,99,3,340000
Eixample,196,4,595000
Sarrià-Sant Gervasi,210,5,749000
Les Corts,113,4,475000
Eixample,192,5,990000
Eixample,190,4,1175000
Eixample,85,3,265000
Eixample,92,3,395000
Ciutat Vella,175,5,680000
Sarrià-Sant Gervasi,143,5,638000
Sarrià-Sant Gervasi,139,4,695000
Eixample,110,4,550000
Sants-Montjuïc,72,4,229000
Nou Barris,71,3,230000
Eixample,79,3,345000
Eixample,110,3,525000
Eixample,83,2,390000
Ciutat Vella,100,4,350000
Sarrià-Sant Gervasi,202,4,950000
Sarrià-Sant Gervasi,247,5,1250000
Eixample,170,4,730000
Les Corts,62,3,385000
Les Corts,73,3,430000
Eixample,200,5,1200000
Eixample,145,6,530000
Les Corts,80,4,340000
Les Corts,297,5,1550000
Sarrià-Sant Gervasi,262,4,1350000
Sarrià-Sant Gervasi,124,3,759000
Horta-Guinardó,161,5,490000
Sant Martí,77,3,255000
Gràcia,74,2,325000
Sant Martí,150,4,360000
Eixample,212,7,1650000
Sarrià-Sant Gervasi,285,5,1780000
Sarrià-Sant Gervasi,200,5,895000
Les Corts,800,6,6500000
Les Corts,790,10,4600000
Ciutat Vella,140,5,670000
Eixample,155,6,755000
Horta-Guinardó,81,3,192000
Sant Martí,79,4,195000
Sarrià-Sant Gervasi,435,7,1850000
Horta-Guinardó,47,1,185000
Sarrià-Sant Gervasi,143,3,730000
Gràcia,72,3,240000
Eixample,97,3,350000
Gràcia,391,7,1050000
Sant Andreu,64,3,186000
Sarrià-Sant Gervasi,142,3,800000
Sarrià-Sant Gervasi,118,3,670000
Gràcia,91,3,389000
Gràcia,83,3,420000
Horta-Guinardó,192,5,450000
Les Corts,279,5,1550000
Sarrià-Sant Gervasi,200,2,1780000
Gràcia,72,4,225000
Sants-Montjuïc,61,3,175000
Les Corts,660,5,6900000
Sarrià-Sant Gervasi,730,7,4500000
Sarrià-Sant Gervasi,512,6,3900000
Sarrià-Sant Gervasi,358,5,1880000
Sants-Montjuïc,62,3,190000
Nou Barris,65,3,145000
Sarrià-Sant Gervasi,240,5,1625000
Les Corts,360,6,1800000
Ciutat Vella,114,4,340000
Gràcia,63,2,265000
Eixample,77,4,255000
Eixample,97,4,445000
Les Corts,331,7,2500000
Gràcia,68,3,149000
Ciutat Vella,113,4,450000
Eixample,70,4,255000
Sant Andreu,95,4,295000
Eixample,96,3,570000
Sarrià-Sant Gervasi,98,3,410000
Sants-Montjuïc,70,2,162000
Eixample,630,8,2520000
Eixample,90,3,340000
Gràcia,89,4,315000
Gràcia,83,3,335000
Eixample,150,3,1495000
Gràcia,54,1,280000
Les Corts,447,8,2500000
Horta-Guinardó,89,4,259500
Sant Martí,185,3,475000
Sant Martí,72,3,150000
Sants-Montjuïc,68,3,152000
Ciutat Vella,42,2,118000
Sarrià-Sant Gervasi,215,5,930000
Eixample,159,4,800000
Sants-Montjuïc,93,3,300000
Eixample,98,4,430000
Eixample,99,4,359300
Eixample,87,3,360000
Ciutat Vella,110,5,358000
Eixample,100,4,430000
Eixample,95,3,360000
Eixample,102,4,490000
Ciutat Vella,62,3,205000
Sarrià-Sant Gervasi,65,2,380000
Sarrià-Sant Gervasi,114,3,500000
Les Corts,202,5,1200000
Sant Martí,76,3,169900
Sant Andreu,70,3,215000
Sants-Montjuïc,73,2,189000
Sant Martí,100,4,259000
Sarrià-Sant Gervasi,406,6,2400000
Eixample,119,3,710000
Sant Martí,70,3,169000
Sant Andreu,71,3,165000
Sant Andreu,65,3,205000
Sarrià-Sant Gervasi,211,3,890000
Eixample,124,3,455000
Eixample,78,3,340000
Eixample,124,4,450000
Sarrià-Sant Gervasi,110,3,395000
Eixample,87,3,385000
Gràcia,420,7,1050000
Sant Andreu,65,3,179000
Sant Martí,78,4,325000
Eixample,283,5,1050000
Eixample,150,5,850000
Eixample,250,4,2750000
Eixample,185,6,780000
Eixample,173,5,595000
Sarrià-Sant Gervasi,123,5,450000
Les Corts,165,5,830000
Eixample,74,3,275000
Eixample,158,4,555000
Eixample,152,3,550000
Gràcia,70,2,289000
Eixample,158,5,550000
Eixample,140,4,582000
Eixample,77,2,199000
Les Corts,280,5,2500000
Eixample,60,4,210000
Sarrià-Sant Gervasi,97,4,425000
Sant Martí,76,4,183000
Gràcia,117,4,495000
Eixample,75,4,295000
Sant Andreu,69,3,195000
Eixample,107,3,399000
Sants-Montjuïc,86,4,320000
Sants-Montjuïc,58,2,195000
Ciutat Vella,76,2,270000
Les Corts,439,6,3950000
Les Corts,484,7,2500000
Eixample,124,4,540000
Sants-Montjuïc,70,3,175000
Eixample,80,3,349000
Eixample,77,3,295000
Eixample,123,3,595000
Sant Andreu,65,3,179900
Les Corts,69,3,425000
Eixample,112,4,540000
Ciutat Vella,80,4,219000
Eixample,152,4,660000
Eixample,42,1,260000
Eixample,89,3,400000
Eixample,140,3,620000
Eixample,140,4,620000
Gràcia,62,1,215000
Sarrià-Sant Gervasi,306,5,1750000
Eixample,52,2,290000
Eixample,159,4,670000
Les Corts,170,4,1250000
Eixample,78,3,315000
Eixample,79,2,299000
Sarrià-Sant Gervasi,121,5,495000
Ciutat Vella,30,1,100000
Sarrià-Sant Gervasi,68,1,285000
Sarrià-Sant Gervasi,135,4,695000
Eixample,81,3,440000
Sarrià-Sant Gervasi,376,3,1150000
Sarrià-Sant Gervasi,115,4,445000
Sant Andreu,65,3,179000
Sarrià-Sant Gervasi,475,7,1850000
Ciutat Vella,81,3,260000
Sarrià-Sant Gervasi,305,5,1750000
Eixample,175,2,1700000
Les Corts,170,5,670000
Sant Martí,63,2,199000
Nou Barris,130,4,130000
Eixample,83,3,259900
Sants-Montjuïc,100,4,385000
Gràcia,74,3,269000
Sarrià-Sant Gervasi,33,1,190000
Sant Martí,68,3,190000
Les Corts,88,2,360000
Les Corts,108,4,430000
Sants-Montjuïc,90,2,299000
Sarrià-Sant Gervasi,142,4,840000
Sants-Montjuïc,90,3,288000
Eixample,118,5,475000
Sant Martí,70,2,199000
Eixample,30,1,158000
Ciutat Vella,119,2,375000
Sarrià-Sant Gervasi,150,5,410000
Horta-Guinardó,124,5,375000
Sarrià-Sant Gervasi,101,4,475000
Horta-Guinardó,104,4,285000
Gràcia,87,3,420000
Les Corts,62,2,400000
Sarrià-Sant Gervasi,144,4,520000
Eixample,159,5,680000
Sarrià-Sant Gervasi,67,3,345000
Ciutat Vella,95,3,235000
Gràcia,65,3,220000
Eixample,250,5,790000
Sants-Montjuïc,71,3,230000
Sant Martí,85,3,189000
Sant Martí,76,4,183000
Eixample,106,3,550000
Sarrià-Sant Gervasi,180,5,700000
Eixample,305,7,1050000
Eixample,70,3,265000
Sarrià-Sant Gervasi,224,5,890000
Les Corts,140,5,1220000
Sarrià-Sant Gervasi,490,9,3600000
Sarrià-Sant Gervasi,173,5,795000
Ciutat Vella,76,2,265000
Horta-Guinardó,61,3,247000
Gràcia,142,4,495000
Eixample,183,5,699000
Sarrià-Sant Gervasi,510,6,2028400
Nou Barris,40,2,105000
Eixample,125,4,689000
Eixample,88,1,780000
Nou Barris,65,3,189000
Eixample,83,3,249000
Eixample,132,5,499000
Sant Martí,79,3,310000
Eixample,120,2,415000
Eixample,75,3,265000
Sants-Montjuïc,71,3,232000
Eixample,157,7,530000
Eixample,71,2,299000
Eixample,158,4,530000
Sants-Montjuïc,87,3,360000
Sarrià-Sant Gervasi,217,5,990000
Sant Martí,63,3,230000
Gràcia,52,1,195000
Sarrià-Sant Gervasi,62,2,275000
Sarrià-Sant Gervasi,130,5,495000
Eixample,99,4,700000
Eixample,77,3,440000
Sarrià-Sant Gervasi,113,4,395000
Eixample,185,6,850000
Horta-Guinardó,98,4,240000
Eixample,161,5,1150000
Sant Andreu,65,3,180000
Sant Andreu,94,3,240000
Sant Martí,73,3,185000
Sant Andreu,65,3,215000
Sant Andreu,85,4,240000
Eixample,148,4,389000
Gràcia,420,8,1050000
Sants-Montjuïc,55,2,150000
Ciutat Vella,79,2,285000
Les Corts,29,1,245000
Sarrià-Sant Gervasi,95,3,525000
Eixample,260,8,950000
Gràcia,79,3,268600
Sant Andreu,65,3,169000
Sants-Montjuïc,77,4,295000
Eixample,81,3,265000
Ciutat Vella,95,2,306000
Eixample,70,3,340000
Eixample,159,5,680000
Les Corts,177,5,830000
Eixample,82,3,318000
Sarrià-Sant Gervasi,173,4,795000
Sants-Montjuïc,42,1,135000
Eixample,160,5,560000
Sants-Montjuïc,110,4,360000
Sants-Montjuïc,65,3,175000
Horta-Guinardó,128,3,530000
Sant Martí,64,1,400000
Sant Andreu,66,3,215000
Les Corts,147,4,675000
Les Corts,180,4,1100000
Gràcia,62,1,215000
Sarrià-Sant Gervasi,128,4,585000
Eixample,66,3,295000
Ciutat Vella,51,2,200000
Eixample,109,5,480000
Eixample,75,2,299000
Sants-Montjuïc,140,3,640000
Sant Andreu,66,3,199000
Les Corts,157,4,1100000
Sarrià-Sant Gervasi,273,5,1190000
Horta-Guinardó,119,4,390000
Sant Martí,71,3,172000
Sarrià-Sant Gervasi,243,6,925000
Sarrià-Sant Gervasi,320,5,1385000
Sant Martí,150,4,219900
Nou Barris,70,2,120000
Horta-Guinardó,80,3,265000
Eixample,84,3,280000
Eixample,56,2,279000
Sarrià-Sant Gervasi,250,6,950000
Sant Andreu,82,3,228000
Sant Andreu,82,3,228000
Sants-Montjuïc,136,3,299000
Eixample,133,3,485000
Eixample,175,6,730000
Sarrià-Sant Gervasi,167,5,750000
Sarrià-Sant Gervasi,270,5,1300000
Sarrià-Sant Gervasi,125,3,499000
Ciutat Vella,36,1,200000
Gràcia,137,4,497000
Sants-Montjuïc,86,3,155000
Horta-Guinardó,52,2,165000
Sarrià-Sant Gervasi,148,5,695000
Nou Barris,60,3,142000
Sant Martí,61,2,159900
Sarrià-Sant Gervasi,170,3,695000
Sant Andreu,82,3,228000
Eixample,66,2,265000
Sants-Montjuïc,100,4,345000
Sant Martí,63,3,230000
Horta-Guinardó,75,3,145000
Gràcia,118,4,410000
Horta-Guinardó,77,4,249000
Eixample,114,4,429000
Nou Barris,60,2,69000
Eixample,109,4,475000
Eixample,146,5,670000
Sant Martí,84,3,299000
Sarrià-Sant Gervasi,165,4,650000
Sarrià-Sant Gervasi,134,3,660000
Sants-Montjuïc,70,3,219000
Eixample,114,3,720000
Ciutat Vella,38,1,109000
Eixample,103,2,535000
Les Corts,274,5,2000000
Les Corts,103,3,680000
Eixample,118,3,615000
Sarrià-Sant Gervasi,103,3,680000
Ciutat Vella,110,3,390000
Horta-Guinardó,68,3,132000
Eixample,82,4,280000
Les Corts,110,3,450000
Gràcia,88,3,350000
Ciutat Vella,44,2,120000
Sants-Montjuïc,67,3,380000
Horta-Guinardó,160,4,400000
Sants-Montjuïc,94,3,280000
Sant Martí,120,3,370000
Eixample,108,3,409000
Sarrià-Sant Gervasi,97,2,390000
Sant Martí,131,3,595000
Les Corts,63,2,385000
Sant Martí,102,4,265000
Eixample,91,4,370000
Sarrià-Sant Gervasi,250,6,950000
Sarrià-Sant Gervasi,248,6,950000
Eixample,84,3,280000
Les Corts,110,4,540000
Eixample,74,3,250000
Sarrià-Sant Gervasi,339,7,1400000
Sarrià-Sant Gervasi,83,3,325000
Ciutat Vella,120,3,379000
Ciutat Vella,61,2,195000
Eixample,119,2,529000
Sants-Montjuïc,80,3,230000
Ciutat Vella,136,4,500000
Gràcia,64,1,280250
Sants-Montjuïc,77,3,185000
Ciutat Vella,81,3,225000
Eixample,63,1,365000
Eixample,76,4,255000
Ciutat Vella,64,3,135000
Sants-Montjuïc,78,4,285000
Les Corts,360,7,1680000
Ciutat Vella,138,3,379000
Sant Martí,76,4,183000
Horta-Guinardó,55,2,149000
Eixample,172,5,579000
Eixample,80,2,230000
Eixample,166,6,675000
Les Corts,125,3,360000
Sant Martí,83,3,315000
Nou Barris,103,6,280000
Ciutat Vella,34,1,158000
Nou Barris,56,3,129000
Sarrià-Sant Gervasi,96,4,420000
Sants-Montjuïc,70,3,175000
Les Corts,72,4,255000
Les Corts,62,3,395000
Ciutat Vella,116,4,450000
Les Corts,140,3,540000
Ciutat Vella,53,2,159000
Sants-Montjuïc,20,1,89500
Ciutat Vella,36,2,105000
Ciutat Vella,70,2,380000
Sarrià-Sant Gervasi,490,8,2500000
Eixample,180,5,750000
Sants-Montjuïc,61,3,210000
Sant Andreu,90,3,250000
Sant Martí,77,3,185000
Horta-Guinardó,81,3,250000
Les Corts,81,3,246000
Sarrià-Sant Gervasi,282,5,2850000
Ciutat Vella,112,4,365000
Eixample,110,4,365000
Sants-Montjuïc,64,3,260000
Gràcia,180,5,599000
Ciutat Vella,230,5,769000
Sarrià-Sant Gervasi,177,3,395000
Sant Martí,86,4,180000
Sant Martí,80,4,180000
Eixample,70,3,249000
Eixample,191,4,750000
Nou Barris,80,1,500000
Les Corts,127,4,550000
Eixample,104,3,445000
Sarrià-Sant Gervasi,390,6,1850000
Nou Barris,62,3,189000
Gràcia,252,3,230000
Eixample,58,3,350000
Eixample,65,3,265000
Sant Martí,79,4,195000
Les Corts,101,2,367000
Eixample,149,4,495000
Gràcia,64,2,280000
Eixample,83,4,360000
Sant Martí,60,3,176000
Sants-Montjuïc,110,3,175000
Sarrià-Sant Gervasi,180,5,850000
Horta-Guinardó,67,3,245000
Nou Barris,58,3,165000
Sarrià-Sant Gervasi,177,3,1250000
Sants-Montjuïc,59,3,185000
Les Corts,130,4,525000
Sarrià-Sant Gervasi,121,3,720000
Eixample,68,3,280000
Ciutat Vella,45,2,180000
Sarrià-Sant Gervasi,200,5,999000
Gràcia,74,3,249000
Nou Barris,66,3,169000
Sant Andreu,70,3,220000
Eixample,104,3,349000
Sant Martí,86,4,199900
Sant Martí,61,3,300000
Sant Andreu,78,4,245000
Gràcia,96,5,370000
Horta-Guinardó,79,3,260000
Ciutat Vella,50,2,200000
Sant Martí,75,3,210000
Eixample,106,3,550000
Sant Martí,102,4,265000
Sants-Montjuïc,60,3,175000
Eixample,75,4,255000
Sant Andreu,85,4,270000
Eixample,78,2,315000
Sants-Montjuïc,103,5,249000
Nou Barris,58,3,168000
Sarrià-Sant Gervasi,70,2,235000
Sants-Montjuïc,75,4,279000
Sants-Montjuïc,120,4,388000
Eixample,120,2,695000
Horta-Guinardó,60,3,129000
Sarrià-Sant Gervasi,95,1,199000
Eixample,66,3,270000
Sarrià-Sant Gervasi,100,4,390000
Sants-Montjuïc,76,3,220000
Ciutat Vella,44,2,120000
Sant Martí,73,3,160000
Ciutat Vella,79,3,280000
Eixample,94,2,525000
Sarrià-Sant Gervasi,144,5,770000
Sarrià-Sant Gervasi,144,5,720000
Sarrià-Sant Gervasi,280,5,1260000
Sarrià-Sant Gervasi,146,3,1450000
Sarrià-Sant Gervasi,314,5,1750000
Sant Martí,125,4,275000
Les Corts,836,8,4600000
Les Corts,500,4,3400000
Sant Martí,61,2,159900
Sant Andreu,57,3,114900
Sants-Montjuïc,80,4,165000
Horta-Guinardó,66,3,175000
Horta-Guinardó,90,3,400000
Sants-Montjuïc,140,5,380000
Eixample,124,4,390000
Sarrià-Sant Gervasi,130,4,625000
Ciutat Vella,45,2,178000
Ciutat Vella,50,2,178000
Ciutat Vella,100,2,230000
Ciutat Vella,75,2,230000
Eixample,73,1,470000
Eixample,79,2,450000
Eixample,79,2,460000
Les Corts,73,3,355000
Les Corts,73,3,435000
Sant Andreu,88,3,300000
Ciutat Vella,85,4,283000
Eixample,90,4,350000
Sarrià-Sant Gervasi,173,3,330000
Horta-Guinardó,75,2,135000
Sant Martí,58,1,176000
Eixample,84,2,295000
Ciutat Vella,78,3,158000
Eixample,200,4,1200000
Eixample,65,2,195000
Sant Andreu,75,2,280000
Horta-Guinardó,70,3,176000
Gràcia,33,1,215000
Sants-Montjuïc,30,1,135000
Nou Barris,74,3,129999
Eixample,86,3,295000
Sants-Montjuïc,87,3,199000
Nou Barris,79,3,142900
Sarrià-Sant Gervasi,101,4,475000
Sarrià-Sant Gervasi,140,5,990000
Sants-Montjuïc,75,2,200000
Sarrià-Sant Gervasi,355,6,2300000
Ciutat Vella,40,1,195000
Sant Martí,60,2,120000
Ciutat Vella,536,11,1850000
Ciutat Vella,52,3,165000
Eixample,51,2,215000
Sant Martí,131,4,199900
Sants-Montjuïc,75,3,235000
Ciutat Vella,85,3,216000
Eixample,108,4,550000
Sants-Montjuïc,53,3,244500
Eixample,80,4,305000
Sant Andreu,70,3,199000
Horta-Guinardó,76,2,200500
Sant Martí,70,3,135000
Eixample,107,3,435000
Ciutat Vella,47,3,135000
Horta-Guinardó,68,3,125000
Gràcia,70,4,330000
Horta-Guinardó,70,3,155000
Ciutat Vella,119,3,395000
Ciutat Vella,80,3,335000
Eixample,111,4,380000
Eixample,100,4,475000
Eixample,140,4,860000
Ciutat Vella,185,5,700000
Ciutat Vella,66,2,340000
Sant Martí,53,1,235000
Ciutat Vella,45,2,93000
Les Corts,103,4,395000
Ciutat Vella,53,2,141500
Horta-Guinardó,60,3,206000
Sant Andreu,81,3,235000
Sarrià-Sant Gervasi,111,4,422500
Eixample,90,4,390000
Sant Martí,51,2,195000
Sant Martí,75,3,210000
Sant Martí,80,3,265000
Sants-Montjuïc,161,4,325000
Sarrià-Sant Gervasi,66,2,399000
Gràcia,66,3,320000
Les Corts,143,4,795000
Horta-Guinardó,80,3,200000
Sants-Montjuïc,98,2,275000
Sarrià-Sant Gervasi,230,5,890000
Sarrià-Sant Gervasi,200,5,1350000
Sarrià-Sant Gervasi,280,5,1880000
Sarrià-Sant Gervasi,150,5,640000
Sants-Montjuïc,53,2,225000
Horta-Guinardó,58,3,225000
Eixample,100,4,420000
Sarrià-Sant Gervasi,60,2,150000
Ciutat Vella,61,2,290000
Eixample,160,5,675000
Sants-Montjuïc,95,4,320000
Eixample,56,2,195000
Sarrià-Sant Gervasi,137,4,790000
Horta-Guinardó,160,6,499999
Sant Martí,80,3,155000
Eixample,185,6,770000
Eixample,65,2,295000
Sant Martí,70,3,270000
Sants-Montjuïc,70,3,190000
Sarrià-Sant Gervasi,87,5,417000
Sant Martí,94,3,215000
Sants-Montjuïc,110,4,336000
Eixample,85,4,330000
Eixample,95,4,400000
Nou Barris,65,3,157500
Sarrià-Sant Gervasi,195,5,980000
Ciutat Vella,85,3,315000
Sant Martí,85,3,269000
Eixample,165,9,680000
Gràcia,160,4,450000
Horta-Guinardó,60,3,240000
Sarrià-Sant Gervasi,126,5,570000
Sants-Montjuïc,73,1,240000
Horta-Guinardó,296,8,630000
Sants-Montjuïc,75,3,235000
Gràcia,70,3,350000
Nou Barris,80,3,240000
Nou Barris,100,3,190000
Horta-Guinardó,75,4,210000
Eixample,80,3,495000
Sants-Montjuïc,20,1,100000
Sant Martí,71,2,220000
Sarrià-Sant Gervasi,256,5,1750000
Les Corts,739,7,3390000
Eixample,130,3,520000
Eixample,142,3,790000
Sants-Montjuïc,68,3,193000
Eixample,134,4,445000
Sarrià-Sant Gervasi,400,6,2475000
Eixample,137,4,795000
Sant Martí,66,2,199000
Sarrià-Sant Gervasi,124,4,450000
Eixample,191,6,1300000
Sarrià-Sant Gervasi,162,4,730000
Gràcia,118,3,550000
Sants-Montjuïc,145,4,360000
Eixample,138,3,760000
Sarrià-Sant Gervasi,170,4,1200000
Nou Barris,65,3,179900
Ciutat Vella,62,3,235000
Eixample,112,4,415000
Horta-Guinardó,128,5,490000
Les Corts,250,7,1250000
Les Corts,63,1,165000
Horta-Guinardó,69,2,201700
Sant Andreu,107,3,315000
Nou Barris,60,3,142000
Eixample,88,3,260000
Sant Martí,690,8,1250000
Sant Martí,75,4,210000
Eixample,94,3,275000
Sant Andreu,75,3,200000
Ciutat Vella,60,3,157900
Gràcia,118,3,550000
Sarrià-Sant Gervasi,143,4,680000
Sants-Montjuïc,77,3,235000
Eixample,181,5,660000
Sarrià-Sant Gervasi,116,4,680000
Nou Barris,56,3,129000
Ciutat Vella,114,3,335000
Eixample,100,4,340000
Nou Barris,65,3,179000
Sant Martí,76,3,169000
Eixample,100,4,420000
Les Corts,102,4,399000
Eixample,154,5,590000
Sant Andreu,74,4,205000
Sarrià-Sant Gervasi,150,5,585000
Horta-Guinardó,155,4,400000
Sarrià-Sant Gervasi,274,6,1190000
Sants-Montjuïc,85,4,330000
Eixample,101,4,365000
Ciutat Vella,86,3,350000
Eixample,71,1,189000
Eixample,44,2,185000
Sants-Montjuïc,60,3,249000
Ciutat Vella,30,1,115000
Sarrià-Sant Gervasi,111,4,422500
Sant Martí,50,3,225000
Eixample,121,3,790000
Eixample,140,4,545000
Sants-Montjuïc,100,3,430000
Sant Andreu,75,3,120000
Les Corts,65,3,395000
Eixample,338,6,1060000
Sants-Montjuïc,42,1,125000
Sarrià-Sant Gervasi,174,4,680000
Ciutat Vella,59,3,178500
Horta-Guinardó,95,4,340000
Sarrià-Sant Gervasi,170,3,980000
Eixample,100,4,325000
Eixample,88,4,425000
Sarrià-Sant Gervasi,73,3,554000
Gràcia,95,4,368600
Nou Barris,75,4,190000
Nou Barris,50,2,149000
Eixample,43,2,179000
Sant Martí,51,2,249000
Eixample,160,5,619000
Eixample,130,2,620000
Eixample,130,3,650000
Eixample,190,2,650000
Sants-Montjuïc,93,4,330000
Sant Martí,60,3,180000
Sants-Montjuïc,90,2,288000
Sant Andreu,66,3,195000
Horta-Guinardó,98,4,245000
Eixample,60,1,260000
Gràcia,110,3,370000
Gràcia,230,5,1150000
Sarrià-Sant Gervasi,231,5,1150000
Sarrià-Sant Gervasi,300,7,1000000
Sarrià-Sant Gervasi,100,3,450000
Sant Martí,49,3,155000
Sant Martí,88,4,300000
Sant Martí,120,4,370000
Sant Martí,69,2,220000
Sarrià-Sant Gervasi,100,4,375000
Sant Martí,75,3,279000
Sant Martí,134,4,675000
Les Corts,148,3,718500
Gràcia,132,4,330000
Eixample,141,2,597500
Sant Martí,69,3,300000
Les Corts,95,3,395000
Ciutat Vella,73,2,199000
Horta-Guinardó,297,10,795000
Sarrià-Sant Gervasi,185,4,1390000
Horta-Guinardó,140,4,520000
Gràcia,294,4,1800000
Horta-Guinardó,224,6,720000
Eixample,83,3,280000
Eixample,129,5,475000
Sarrià-Sant Gervasi,174,4,900000
Sarrià-Sant Gervasi,120,4,415000
Eixample,92,4,395000
Sant Martí,91,3,189000
Sarrià-Sant Gervasi,43,1,245000
Ciutat Vella,35,2,160000
Eixample,75,3,180000
Sant Andreu,66,3,195000
Sants-Montjuïc,90,4,225000
Ciutat Vella,59,3,140000
Les Corts,101,3,450000
Gràcia,62,1,210000
Sarrià-Sant Gervasi,566,7,2900000
Ciutat Vella,51,1,150000
Sant Martí,88,3,320000
Sants-Montjuïc,74,3,225000
Eixample,125,4,598000
Eixample,93,3,540000
Les Corts,80,2,295000
Horta-Guinardó,60,3,135000
Horta-Guinardó,124,5,375000
Gràcia,52,1,295000
Ciutat Vella,158,2,560000
Sant Martí,79,4,195000
Sarrià-Sant Gervasi,329,4,1350000
Eixample,122,3,475000
Eixample,262,10,978000
Eixample,81,3,299000
Les Corts,86,3,310000
Eixample,130,3,520000
Gràcia,95,2,370000
Sarrià-Sant Gervasi,121,3,550000
Sarrià-Sant Gervasi,160,5,650000
Eixample,158,5,530000
Gràcia,85,4,320000
Gràcia,85,4,319000
Gràcia,92,4,390000
Horta-Guinardó,85,3,319000
Gràcia,107,2,650000
Eixample,56,3,194000
Sants-Montjuïc,127,4,540000
Sarrià-Sant Gervasi,285,5,1260000
Horta-Guinardó,42,2,79000
Ciutat Vella,77,3,195000
Eixample,185,4,365000
Les Corts,78,4,219000
Sarrià-Sant Gervasi,125,4,495000
Sarrià-Sant Gervasi,165,5,655000
Eixample,108,3,409000
Eixample,157,5,530000
Les Corts,80,3,395000
Eixample,180,3,1200000
Les Corts,70,3,360000
Eixample,70,3,255000
Gràcia,70,2,239000
Eixample,56,2,209000
Eixample,155,5,595000
Gràcia,78,3,255000
Nou Barris,137,4,265000
Eixample,58,2,205000
Sant Martí,74,3,233000
Sant Andreu,79,3,219000
Sant Martí,96,4,325000
Sarrià-Sant Gervasi,114,2,500000
Ciutat Vella,100,5,358000
Les Corts,289,6,1200000
Gràcia,88,4,350000
Eixample,69,3,340000
Sarrià-Sant Gervasi,93,3,375000
Les Corts,716,7,3390000
Sants-Montjuïc,97,4,340000
Les Corts,145,5,1220000
Sants-Montjuïc,120,3,463000
Les Corts,227,5,1095000
Horta-Guinardó,55,3,130000
Sarrià-Sant Gervasi,143,3,900000
Sarrià-Sant Gervasi,319,7,1350000
Gràcia,196,4,595000
Sarrià-Sant Gervasi,121,3,562000
Eixample,106,5,370000
Sarrià-Sant Gervasi,246,5,990000
Sant Andreu,70,3,199000
Ciutat Vella,39,2,130000
Eixample,93,2,450000
Sarrià-Sant Gervasi,120,3,445000
Sant Andreu,102,4,255000
Sants-Montjuïc,87,2,299000
Eixample,47,2,210000
Eixample,47,2,210000
Eixample,110,3,250000
Sants-Montjuïc,83,2,255000
Sants-Montjuïc,72,3,260000
Sarrià-Sant Gervasi,120,3,495000
Gràcia,88,4,375000
Les Corts,76,3,430000
Gràcia,74,2,325000
Gràcia,69,3,240000
Sarrià-Sant Gervasi,258,5,1050000
Eixample,81,2,490000
Gràcia,72,3,265000
Sarrià-Sant Gervasi,690,10,3950000
Ciutat Vella,55,2,155000
Eixample,70,3,365000
Eixample,90,4,239000
Sants-Montjuïc,64,3,220000
Ciutat Vella,58,3,140000
Eixample,129,3,599000
Sarrià-Sant Gervasi,120,4,595000
Ciutat Vella,114,4,335000
Les Corts,95,4,430000
Eixample,117,4,410000
Eixample,134,4,395000
Nou Barris,76,2,125000
Les Corts,125,4,550000
Eixample,228,7,2200000
Eixample,200,6,710000
Sarrià-Sant Gervasi,150,3,550000
Sarrià-Sant Gervasi,150,5,410000
Sants-Montjuïc,64,3,190000
Eixample,140,4,550000
Horta-Guinardó,145,3,259000
Sarrià-Sant Gervasi,90,3,410000
Sant Martí,84,3,330000
Sarrià-Sant Gervasi,391,7,1690000
Eixample,129,3,550000
Gràcia,80,2,320000
Sarrià-Sant Gervasi,320,5,1750000
Eixample,158,6,680000
Eixample,153,6,650000
Sant Andreu,64,3,179900
Eixample,184,7,780000
Eixample,176,4,750000
Eixample,261,8,978000
Gràcia,317,5,699000
Sant Martí,192,5,549000
Eixample,141,5,622000
Sants-Montjuïc,47,3,199900
Eixample,90,3,400000
Gràcia,118,4,550000
Sarrià-Sant Gervasi,132,3,498000
Ciutat Vella,85,3,239000
Eixample,82,3,350000
Eixample,87,3,570000
Ciutat Vella,212,4,850000
Eixample,130,3,520000
Ciutat Vella,175,6,635000
Les Corts,58,3,450000
Les Corts,136,4,890000
Sarrià-Sant Gervasi,121,4,465000
Nou Barris,70,3,155000
Gràcia,136,4,475000
Sarrià-Sant Gervasi,145,5,790000
Sarrià-Sant Gervasi,188,4,599000
Eixample,87,3,330000
Sant Andreu,65,3,185000
Horta-Guinardó,297,10,795000
Sarrià-Sant Gervasi,123,4,690000
Horta-Guinardó,142,5,450000
Ciutat Vella,139,5,657000
Sarrià-Sant Gervasi,335,5,2850000
Sarrià-Sant Gervasi,137,4,550000
Les Corts,65,3,385000
Sarrià-Sant Gervasi,650,7,2300000
Ciutat Vella,235,3,712500
Sarrià-Sant Gervasi,274,6,1670000
Sant Martí,65,3,210000
Eixample,196,6,900000
Sant Martí,50,2,175000
Sarrià-Sant Gervasi,143,2,900000
Gràcia,80,3,310000
Eixample,90,4,325000
Ciutat Vella,55,2,175000
Eixample,97,4,367000
Eixample,86,2,302000
Les Corts,129,3,718500
Ciutat Vella,73,3,290000
Eixample,104,3,345000
Ciutat Vella,80,3,210000
Ciutat Vella,204,4,780000
Sarrià-Sant Gervasi,217,5,990000
Eixample,157,4,545000
Ciutat Vella,114,4,340000
Eixample,85,1,460000
Nou Barris,76,2,125000
Eixample,80,3,295000
Eixample,116,3,550000
Les Corts,73,3,435000
Ciutat Vella,150,2,830000
Ciutat Vella,114,3,350000
Les Corts,73,3,460000
Sants-Montjuïc,85,4,310000
Sarrià-Sant Gervasi,257,6,800000
Ciutat Vella,549,6,1950000
Sant Martí,99,4,378000
Sarrià-Sant Gervasi,100,3,550000
Sarrià-Sant Gervasi,120,4,650000
Les Corts,74,3,430000
Les Corts,73,2,460000
Eixample,81,2,480000
Sarrià-Sant Gervasi,123,5,740000
Sarrià-Sant Gervasi,250,7,1000000
Eixample,220,5,620000
Nou Barris,74,1,87000
Sant Andreu,74,1,156000
Sants-Montjuïc,120,4,391000
Sants-Montjuïc,77,4,285000
Sarrià-Sant Gervasi,110,4,495000
Sant Andreu,69,3,186000
Gràcia,66,4,229000
Eixample,46,3,185000
Nou Barris,54,3,125000
Eixample,130,4,699000
Sant Andreu,104,3,295000
Eixample,87,3,570000
Ciutat Vella,212,4,850000
Sarrià-Sant Gervasi,154,5,460000
Sant Martí,80,2,325000
Eixample,250,5,790000
Eixample,35,2,190000
Sant Martí,90,3,250000
Eixample,142,4,750000
Horta-Guinardó,67,3,155000
Les Corts,146,4,520000
Eixample,337,6,1060000
Horta-Guinardó,55,3,149000
Sant Martí,154,1,390000
Eixample,141,5,670000
Sant Andreu,200,7,279900
Eixample,132,4,598000
Les Corts,73,4,350000
Sants-Montjuïc,20,1,90000
Ciutat Vella,85,2,480000
Ciutat Vella,54,1,142500
Ciutat Vella,70,2,280000
Ciutat Vella,61,1,250000
Eixample,76,3,570000
Les Corts,178,4,1150000
Eixample,89,4,350000
Eixample,124,4,390000
Sarrià-Sant Gervasi,185,5,1390000
Sant Martí,67,3,205000
Horta-Guinardó,123,4,270000
Eixample,210,4,1195000
Eixample,136,5,470000
Eixample,110,3,469000
Ciutat Vella,40,2,96000
Ciutat Vella,50,2,200000
Les Corts,447,8,2100000
Sant Martí,69,3,299000
Sarrià-Sant Gervasi,91,4,520000
Sant Andreu,74,3,279000
Ciutat Vella,94,4,325000
Eixample,85,3,470000
Eixample,157,5,505000
Eixample,79,3,330000
Eixample,65,3,300000
Eixample,133,3,900000
Ciutat Vella,94,4,325000
Sarrià-Sant Gervasi,121,3,365000
Les Corts,300,6,1500000
Eixample,216,6,899000
Sant Andreu,64,3,199900
Eixample,112,3,390000
Eixample,155,7,550000
Gràcia,70,4,255000
Les Corts,74,3,435000
Sants-Montjuïc,86,4,300000
Sarrià-Sant Gervasi,168,5,750000
Eixample,224,4,798000
Les Corts,106,3,520000
Sant Martí,110,4,235000
Sant Andreu,74,3,161500
Sarrià-Sant Gervasi,285,6,1780000
Sarrià-Sant Gervasi,130,4,580000
Sant Martí,74,4,241000
Sarrià-Sant Gervasi,98,4,365000
Eixample,117,5,499000
Sants-Montjuïc,92,3,285000
Eixample,105,2,400000
Eixample,70,3,340000
Sant Martí,67,3,199000
Les Corts,80,3,240000
Sant Martí,90,3,315000
Les Corts,73,3,435000
Les Corts,181,6,928800
Eixample,250,5,1150000
Eixample,79,3,450000
Eixample,77,2,450000
Les Corts,73,3,430000
Sants-Montjuïc,83,4,270000
Eixample,79,3,440000
Eixample,196,4,595000
Eixample,88,2,240000
Ciutat Vella,82,3,248000
Eixample,98,4,340000
Sants-Montjuïc,68,3,152000
Sant Martí,50,2,260000
Nou Barris,65,3,189000
Sant Martí,66,3,214900
Eixample,134,4,490000
Sants-Montjuïc,68,3,179000
Sants-Montjuïc,75,3,195000
Sarrià-Sant Gervasi,118,4,560000
Sant Martí,75,4,183000
Sant Andreu,89,4,260000
Eixample,350,4,390000
Ciutat Vella,240,4,1190000
Gràcia,84,3,399000
Les Corts,148,5,590000
Sant Martí,93,4,278000
Eixample,188,5,580000
Sant Martí,70,3,230000
Sants-Montjuïc,78,3,177000
Sants-Montjuïc,51,2,150000
Sants-Montjuïc,86,3,200000
Les Corts,69,3,435000
Gràcia,59,2,198000
Sants-Montjuïc,110,5,540000
Les Corts,69,3,430000
Les Corts,70,3,415000
Sarrià-Sant Gervasi,73,3,375000
Eixample,130,4,480000
Eixample,80,2,455000
Sarrià-Sant Gervasi,140,4,790000
Sarrià-Sant Gervasi,95,2,340000
Ciutat Vella,130,3,450000
Eixample,80,4,325000
Sarrià-Sant Gervasi,145,5,790000
Sarrià-Sant Gervasi,145,5,790000
Nou Barris,55,3,189000
Eixample,113,5,460000
Eixample,89,4,385000
Ciutat Vella,50,3,184000
Sants-Montjuïc,72,2,174000
Gràcia,52,3,228000
Eixample,95,3,410000
Eixample,200,7,680000
Sarrià-Sant Gervasi,77,3,365000
Nou Barris,51,1,118000
Les Corts,49,2,210000
Nou Barris,53,2,49000
Ciutat Vella,55,2,215000
Sants-Montjuïc,77,3,224000
Gràcia,74,2,349000
Horta-Guinardó,161,5,490000
Sants-Montjuïc,95,4,280000
Ciutat Vella,77,1,250000
Les Corts,74,3,435000
Sarrià-Sant Gervasi,387,7,1850000
Les Corts,70,3,395000
Eixample,172,5,695000
Eixample,159,4,530000
Sarrià-Sant Gervasi,152,4,575000
Sarrià-Sant Gervasi,291,5,1190000
Ciutat Vella,131,3,619000
Eixample,140,5,620000
Sant Martí,79,4,195000
Sants-Montjuïc,131,4,315000
Sant Martí,78,2,185000
Gràcia,108,2,195000
Gràcia,93,4,370000
Sants-Montjuïc,85,3,275000
Sarrià-Sant Gervasi,247,5,1250000
Ciutat Vella,71,2,175000
Sants-Montjuïc,110,5,350000
Sarrià-Sant Gervasi,90,4,415000
Sarrià-Sant Gervasi,90,4,415000
Sarrià-Sant Gervasi,60,2,315000
Sarrià-Sant Gervasi,60,2,315000
Sarrià-Sant Gervasi,60,2,315000
Sant Martí,100,4,420000
Sarrià-Sant Gervasi,100,4,395000
Sarrià-Sant Gervasi,100,4,395000
Sants-Montjuïc,73,4,95000
Sarrià-Sant Gervasi,500,5,1150000
Les Corts,87,3,360000
Sarrià-Sant Gervasi,339,6,1350000
Sarrià-Sant Gervasi,327,10,2450000
Sarrià-Sant Gervasi,225,4,1350000
Horta-Guinardó,88,3,285000
Sarrià-Sant Gervasi,83,1,460000
Sarrià-Sant Gervasi,338,6,1380000
Eixample,250,5,1100000
Sarrià-Sant Gervasi,93,4,460000
Sarrià-Sant Gervasi,372,5,1880000
Ciutat Vella,76,3,325000
Sant Martí,72,3,165000
Sant Martí,70,4,290000
Ciutat Vella,65,2,185000
Eixample,135,2,650000
Eixample,70,2,190000
Horta-Guinardó,89,3,280000
Gràcia,132,5,330000
Sarrià-Sant Gervasi,144,4,520000
Sarrià-Sant Gervasi,160,4,980000
Ciutat Vella,70,2,380000
Eixample,76,3,335000
Sarrià-Sant Gervasi,183,4,1070000
Sant Andreu,88,3,230000
Nou Barris,68,3,198000
Sant Martí,60,3,245000
Eixample,67,3,219000
Ciutat Vella,63,2,198000
Sant Andreu,66,3,195000
Sant Martí,67,4,195000
Eixample,93,4,390000
Ciutat Vella,36,1,135000
Gràcia,68,4,190000
Les Corts,63,3,415000
Sants-Montjuïc,76,3,360000
Ciutat Vella,66,3,210000
Eixample,50,3,210000
Sant Martí,75,3,195000
Ciutat Vella,89,2,480000
Eixample,85,3,379000
Sarrià-Sant Gervasi,168,5,640000
Ciutat Vella,129,4,419000
Eixample,79,4,255000
Sarrià-Sant Gervasi,258,6,1100000
Sants-Montjuïc,68,1,280000
Ciutat Vella,42,1,112000
Sant Andreu,59,3,189000
Eixample,150,5,540000
Eixample,115,4,550000
Gràcia,85,2,185000
Eixample,75,4,325000
Sarrià-Sant Gervasi,150,2,900000
Ciutat Vella,137,4,480000
Les Corts,159,6,928800
Eixample,135,5,450000
Ciutat Vella,50,1,210000
Eixample,89,3,275000
Eixample,70,3,258000
Eixample,67,3,252000
Sant Martí,56,2,160000
Horta-Guinardó,100,2,250000
Sarrià-Sant Gervasi,114,4,460000
Sant Martí,69,4,279000
Sarrià-Sant Gervasi,126,5,480000
Gràcia,105,2,470000
Sarrià-Sant Gervasi,92,3,290000
Sarrià-Sant Gervasi,179,4,780000
Horta-Guinardó,184,6,399000
Sant Martí,55,2,120000
Sants-Montjuïc,83,3,288000
Eixample,128,3,600000
Eixample,70,3,250000
Eixample,70,3,193000
Ciutat Vella,79,2,155000
Ciutat Vella,77,2,175000
Ciutat Vella,45,2,80000
Ciutat Vella,50,3,118000
Les Corts,75,3,295000
Sants-Montjuïc,137,3,640000
Ciutat Vella,132,5,500000
Horta-Guinardó,53,3,131000
Eixample,89,4,380000
Ciutat Vella,50,3,107000
Sarrià-Sant Gervasi,88,2,410000
Horta-Guinardó,70,2,168000
Horta-Guinardó,330,5,490000
Les Corts,63,3,360000
Les Corts,605,9,4500000
Sarrià-Sant Gervasi,115,3,530000
Sarrià-Sant Gervasi,339,5,1600000
Gràcia,86,3,300000
Sant Martí,86,4,280000
Ciutat Vella,63,4,149000
Eixample,241,8,980000
Nou Barris,40,1,76000
Sant Martí,93,3,296640
Sant Martí,70,3,215000
Sant Martí,136,3,690000
Sant Martí,80,4,325000
Eixample,160,5,690000
Sant Andreu,60,3,195000
Sarrià-Sant Gervasi,374,6,1880000
Eixample,116,6,550000
Eixample,90,4,432000
Sant Andreu,153,5,369000
Sant Andreu,103,3,230000
Sant Martí,56,2,251000
Eixample,157,5,532000
Eixample,180,6,1570000
Nou Barris,86,3,189900
Sant Andreu,89,3,228000
Sant Martí,100,4,292000
Sarrià-Sant Gervasi,131,5,450000
Eixample,156,4,525000
Eixample,304,6,1050000
Eixample,90,4,370000
Ciutat Vella,93,3,230000
Eixample,110,3,465000
Nou Barris,61,2,103000
Gràcia,66,3,137000
Eixample,100,3,469000
Eixample,104,4,320000
Les Corts,90,3,395000
Sant Andreu,83,4,237000
Eixample,65,4,350000
Ciutat Vella,35,1,129000
Ciutat Vella,65,3,225000
Sants-Montjuïc,150,5,380000
Ciutat Vella,59,2,215000
Sant Martí,102,4,255000
Les Corts,72,3,280000
Les Corts,105,4,395000
Ciutat Vella,95,3,350000
Sarrià-Sant Gervasi,139,5,495000
Sant Martí,68,3,215000
Ciutat Vella,110,2,329000
Sants-Montjuïc,76,2,170000
Ciutat Vella,250,9,679000
Eixample,87,4,399500
Ciutat Vella,70,2,220000
Sant Martí,63,2,168000
Sants-Montjuïc,126,4,359000
Eixample,162,5,752000
Eixample,225,3,800000
Eixample,130,4,530000
Gràcia,72,4,230000
Sarrià-Sant Gervasi,100,4,395000
Eixample,159,4,789000
Eixample,47,1,149000
Ciutat Vella,264,5,1105300
Sants-Montjuïc,97,4,330000
Les Corts,73,2,435000
Sarrià-Sant Gervasi,144,6,900000
Eixample,197,4,990000
Gràcia,71,2,255000
Nou Barris,127,4,200000
Sarrià-Sant Gervasi,85,4,415000
Eixample,90,3,325000
Nou Barris,43,2,147500
Sants-Montjuïc,71,3,265000
Les Corts,598,3,2490000
Ciutat Vella,180,5,799000
Sant Martí,253,5,655000
Eixample,83,2,455000
Ciutat Vella,103,4,190000
Sant Martí,80,4,295000
Eixample,53,3,180000
Sarrià-Sant Gervasi,170,6,820000
Sant Martí,74,3,214900
Sant Andreu,74,4,205000
Sants-Montjuïc,60,3,180000
Sarrià-Sant Gervasi,183,4,900001
Ciutat Vella,60,2,220000
Horta-Guinardó,70,3,198000
Sants-Montjuïc,60,4,137000
Gràcia,90,3,270000
Sarrià-Sant Gervasi,169,5,642000
Sant Andreu,83,4,215000
Eixample,305,6,1050000
Les Corts,79,3,279000
Les Corts,93,3,395000
Gràcia,90,3,270000
Eixample,100,2,190000
Gràcia,95,3,380000
Les Corts,97,4,399000
Eixample,140,3,439000
Eixample,82,3,340000
Horta-Guinardó,115,3,270000
Eixample,109,4,360000
Sants-Montjuïc,95,4,225000
Sarrià-Sant Gervasi,200,3,1200000
Gràcia,80,3,269000
Sants-Montjuïc,37,2,165000
Eixample,95,4,298000
Eixample,110,4,530000
Nou Barris,87,4,189000
Sants-Montjuïc,62,2,159000
Sarrià-Sant Gervasi,108,4,370000
Sarrià-Sant Gervasi,270,5,1250000
Les Corts,99,4,320000
Nou Barris,160,3,150000
Horta-Guinardó,74,2,149000
Gràcia,165,4,559000
Sant Andreu,68,3,230000
Horta-Guinardó,64,3,155000
Eixample,94,3,470000
Eixample,185,5,699000
Sants-Montjuïc,66,1,169000
Eixample,110,4,435000
Sarrià-Sant Gervasi,185,5,1390000
Eixample,73,2,470000
Nou Barris,60,3,119500
Sants-Montjuïc,53,2,137000
Ciutat Vella,60,2,169000
Sant Martí,52,2,95000
Sarrià-Sant Gervasi,80,3,420000
Gràcia,65,2,280000
Sants-Montjuïc,87,3,289000
Eixample,79,3,440000
Les Corts,73,3,425000
Eixample,79,3,450000
Sarrià-Sant Gervasi,160,4,750000
Sant Martí,51,2,210000
Eixample,120,4,500000
Eixample,96,3,419000
Sarrià-Sant Gervasi,743,7,4500000
Eixample,90,3,385000
Sarrià-Sant Gervasi,95,2,595000
Gràcia,64,1,295000
Ciutat Vella,99,3,420000
Les Corts,127,4,545000
Sant Martí,64,3,170000
Ciutat Vella,70,4,178800